id,suggested_filename,suggested_alt,usage,current_filename,url,in_use
6,justccell-woocommerce-placeholder.webp,"Justccell Woocommerce-placeholder",,woocommerce-placeholder.webp,https://justccell.com/wp-content/uploads/woocommerce-placeholder.webp,no
57,justccell-horizontal-by-3devices.jpg,"Justccell Horizontal By 3Devices",,JustCCELL_horizontal_by_3Devices.jpg,https://justccell.com/wp-content/uploads/2026/08/JustCCELL_horizontal_by_3Devices.jpg,no
58,justccell-by-3devices.jpg,"Justccell By 3Devices",,JustCCELL_by_3Devices.jpg,https://justccell.com/wp-content/uploads/2026/08/JustCCELL_by_3Devices.jpg,no
59,justccell-photo-59.png,"Justccell Photo 59",,justccell-photo-59.png,https://justccell.com/wp-content/uploads/2026/08/justccell-photo-59.png,no
60,justccell-photo-60.png,"Justccell Photo 60",,justccell-photo-60.png,https://justccell.com/wp-content/uploads/2026/08/justccell-photo-60.png,no
61,justccell-homepage-more-arrow-icon.png,"Justccell Homepage More Arrow Icon","Homepage more arrow icon",justccell-homepage-arrow.png,https://justccell.com/wp-content/uploads/2026/08/justccell-homepage-arrow.png,yes
62,justccell-homepage-quote-section-background.jpg,"Justccell Homepage Quote Section Background","Homepage quote section background",justccell-quote-section-background.jpg,https://justccell.com/wp-content/uploads/2026/08/justccell-quote-section-background.jpg,yes
63,justccell-logo.png,"Justccell Logo",,justccell-logo.png,https://justccell.com/wp-content/uploads/2026/08/justccell-logo.png,no
64,justccell-dart-featured-image.png,"Justccell Dart Featured Image","Dart featured image",justccell-dart-catalog.png,https://justccell.com/wp-content/uploads/2026/08/justccell-dart-catalog.png,yes
65,justccell-bellos-featured-image.png,"Justccell BELLOS Featured Image","BELLOS featured image",justccell-bellos-catalog.png,https://justccell.com/wp-content/uploads/2026/08/justccell-bellos-catalog.png,yes
66,justccell-slym-featured-image.png,"Justccell Slym Featured Image","Slym featured image",justccell-slym-catalog.png,https://justccell.com/wp-content/uploads/2026/08/justccell-slym-catalog.png,yes
67,justccell-m6t-se-featured-image.png,"Justccell M6T-SE Featured Image","M6T-SE featured image",justccell-m6t-se-catalog.png,https://justccell.com/wp-content/uploads/2026/08/justccell-m6t-se-catalog.png,yes
68,justccell-sandwave-featured-image.png,"Justccell Sandwave Featured Image","Sandwave featured image",justccell-sandwave-catalog.png,https://justccell.com/wp-content/uploads/2026/08/justccell-sandwave-catalog.png,yes
69,justccell-palm-pro-featured-image.png,"Justccell Palm Pro Featured Image","Palm Pro featured image",justccell-palm-pro-catalog.png,https://justccell.com/wp-content/uploads/2026/08/justccell-palm-pro-catalog.png,yes
70,justccell-go-stik-featured-image.png,"Justccell Go Stik Featured Image","Go Stik featured image",justccell-go-stik-catalog.png,https://justccell.com/wp-content/uploads/2026/08/justccell-go-stik-catalog.png,yes
71,justccell-fino-featured-image.png,"Justccell Fino Featured Image","Fino featured image",justccell-fino-catalog.png,https://justccell.com/wp-content/uploads/2026/08/justccell-fino-catalog.png,yes
72,justccell-blanc-featured-image.png,"Justccell Blanc Featured Image","Blanc featured image",justccell-blanc-catalog.png,https://justccell.com/wp-content/uploads/2026/08/justccell-blanc-catalog.png,yes
73,justccell-m3b-plus-featured-image.png,"Justccell M3B Plus Featured Image","M3B Plus featured image",justccell-m3b-plus-catalog.png,https://justccell.com/wp-content/uploads/2026/08/justccell-m3b-plus-catalog.png,yes
74,justccell-luster-pro-featured-image.png,"Justccell Luster Pro Featured Image","Luster Pro featured image",justccell-luster-pro-catalog.png,https://justccell.com/wp-content/uploads/2026/08/justccell-luster-pro-catalog.png,yes
75,justccell-th2-evomax-featured-image.png,"Justccell TH2-EVOMAX Featured Image","TH2-EVOMAX featured image",justccell-th2-evomax-catalog.png,https://justccell.com/wp-content/uploads/2026/08/justccell-th2-evomax-catalog.png,yes
76,justccell-m6t-evomax-featured-image.png,"Justccell M6T-EVOMAX Featured Image","M6T-EVOMAX featured image",justccell-m6t-evomax-catalog.png,https://justccell.com/wp-content/uploads/2026/08/justccell-m6t-evomax-catalog.png,yes
77,justccell-tank-feature-image-05.jpg,"Justccell Tank Feature Image 05","Tank feature image 05",justccell-tank-batch-capping.jpg,https://justccell.com/wp-content/uploads/2026/08/justccell-tank-batch-capping.jpg,yes
78,justccell-tank-feature-image-04.jpg,"Justccell Tank Feature Image 04","Tank feature image 04",justccell-tank-voltage-settings.jpg,https://justccell.com/wp-content/uploads/2026/08/justccell-tank-voltage-settings.jpg,yes
79,justccell-tank-feature-image-03.jpg,"Justccell Tank Feature Image 03","Tank feature image 03",justccell-tank-leak-switch.jpg,https://justccell.com/wp-content/uploads/2026/08/justccell-tank-leak-switch.jpg,yes
80,justccell-tank-feature-image-02.jpg,"Justccell Tank Feature Image 02","Tank feature image 02",justccell-tank-oil-compatibility.jpg,https://justccell.com/wp-content/uploads/2026/08/justccell-tank-oil-compatibility.jpg,yes
81,justccell-tank-feature-image.jpg,"Justccell Tank Feature Image","Tank feature image",justccell-tank-miniature-design.jpg,https://justccell.com/wp-content/uploads/2026/08/justccell-tank-miniature-design.jpg,yes
82,justccell-tank-product-gallery-01.png,"Justccell Tank Product Gallery 01","Tank product gallery 01",justccell-tank-gallery-1.png,https://justccell.com/wp-content/uploads/2026/08/justccell-tank-gallery-1.png,yes
83,justccell-tank-featured-image.png,"Justccell Tank Featured Image","Tank featured image",justccell-tank-catalog.png,https://justccell.com/wp-content/uploads/2026/08/justccell-tank-catalog.png,yes
84,justccell-mini-tank-featured-image.png,"Justccell Mini Tank Featured Image","Mini Tank featured image",justccell-mini-tank-catalog.png,https://justccell.com/wp-content/uploads/2026/08/justccell-mini-tank-catalog.png,yes
85,justccell-th2-se-featured-image.png,"Justccell TH2-SE Featured Image","TH2-SE featured image",justccell-th2-se-catalog.png,https://justccell.com/wp-content/uploads/2026/08/justccell-th2-se-catalog.png,yes
86,justccell-ceramic-evomax-featured-image.png,"Justccell Ceramic-EVOMAX Featured Image","Ceramic-EVOMAX featured image",justccell-ceramic-evomax-catalog.png,https://justccell.com/wp-content/uploads/2026/08/justccell-ceramic-evomax-catalog.png,yes
87,justccell-tank-detail-3.jpg,"Justccell Tank Detail 3",,justccell-tank-detail-3.jpg,https://justccell.com/wp-content/uploads/2026/08/justccell-tank-detail-3.jpg,no
88,justccell-tank-product-gallery-08.png,"Justccell Tank Product Gallery 08","Tank product gallery 08",justccell-tank-gallery-8.png,https://justccell.com/wp-content/uploads/2026/08/justccell-tank-gallery-8.png,yes
89,justccell-tank-product-gallery-06.png,"Justccell Tank Product Gallery 06","Tank product gallery 06",justccell-tank-gallery-6.png,https://justccell.com/wp-content/uploads/2026/08/justccell-tank-gallery-6.png,yes
90,justccell-tank-product-gallery-05.png,"Justccell Tank Product Gallery 05","Tank product gallery 05",justccell-tank-gallery-5.png,https://justccell.com/wp-content/uploads/2026/08/justccell-tank-gallery-5.png,yes
91,justccell-tank-product-gallery-03.png,"Justccell Tank Product Gallery 03","Tank product gallery 03",justccell-tank-gallery-3.png,https://justccell.com/wp-content/uploads/2026/08/justccell-tank-gallery-3.png,yes
92,justccell-voca-pro-featured-image.png,"Justccell Voca Pro Featured Image","Voca Pro featured image",justccell-voca-pro-catalog.png,https://justccell.com/wp-content/uploads/2026/08/justccell-voca-pro-catalog.png,yes
93,justccell-tank-product-gallery-07.png,"Justccell Tank Product Gallery 07","Tank product gallery 07",justccell-tank-gallery-7.png,https://justccell.com/wp-content/uploads/2026/08/justccell-tank-gallery-7.png,yes
94,justccell-tank-product-banner.jpg,"Justccell Tank Product Banner","Tank product banner",justccell-tank-hero-banner.jpg,https://justccell.com/wp-content/uploads/2026/08/justccell-tank-hero-banner.jpg,yes
95,justccell-tank-detail-2.jpg,"Justccell Tank Detail 2",,justccell-tank-detail-2.jpg,https://justccell.com/wp-content/uploads/2026/08/justccell-tank-detail-2.jpg,no
96,justccell-tank-product-gallery-04.png,"Justccell Tank Product Gallery 04","Tank product gallery 04",justccell-tank-gallery-4.png,https://justccell.com/wp-content/uploads/2026/08/justccell-tank-gallery-4.png,yes
97,justccell-tank-product-gallery-02.png,"Justccell Tank Product Gallery 02","Tank product gallery 02",justccell-tank-gallery-2.png,https://justccell.com/wp-content/uploads/2026/08/justccell-tank-gallery-2.png,yes
98,justccell-tank-detail-1.png,"Justccell Tank Detail 1",,justccell-tank-detail-1.png,https://justccell.com/wp-content/uploads/2026/08/justccell-tank-detail-1.png,no
99,justccell-logo-dark.png,"Justccell Logo (dark)",,justccell-logo-dark.png,https://justccell.com/wp-content/uploads/2026/08/justccell-logo-dark.png,no
100,justccell-rosin-bar-featured-image.png,"Justccell Rosin Bar Featured Image","Rosin Bar featured image",justccell-rosin-bar-catalog.png,https://justccell.com/wp-content/uploads/2026/08/justccell-rosin-bar-catalog.png,yes
101,justccell-eco-star-featured-image.png,"Justccell Eco Star Featured Image","Eco Star featured image",justccell-eco-star-catalog.png,https://justccell.com/wp-content/uploads/2026/08/justccell-eco-star-catalog.png,yes
102,justccell-homepage-custom-solutions-image-02.png,"Justccell Homepage Custom Solutions Image 02","Homepage custom solutions image 02",justccell-customer-logo-2.png,https://justccell.com/wp-content/uploads/2026/08/justccell-customer-logo-2.png,yes
103,justccell-homepage-fill-capacity-image.png,"Justccell Homepage Fill Capacity Image","Homepage fill capacity image",justccell-fill-technology.png,https://justccell.com/wp-content/uploads/2026/08/justccell-fill-technology.png,yes
104,justccell-homepage-trusted-partners-image.png,"Justccell Homepage Trusted Partners Image","Homepage trusted partners image",justccell-trusted-technology.png,https://justccell.com/wp-content/uploads/2026/08/justccell-trusted-technology.png,yes
105,justccell-homepage-custom-solutions-image.png,"Justccell Homepage Custom Solutions Image","Homepage custom solutions image",justccell-customer-logo-1.png,https://justccell.com/wp-content/uploads/2026/08/justccell-customer-logo-1.png,yes
106,justccell-homepage-custom-solutions-image-03.png,"Justccell Homepage Custom Solutions Image 03","Homepage custom solutions image 03",justccell-customer-logo-3.png,https://justccell.com/wp-content/uploads/2026/08/justccell-customer-logo-3.png,yes
107,justccell-homepage-custom-solutions-image-04.png,"Justccell Homepage Custom Solutions Image 04","Homepage custom solutions image 04",justccell-customer-logo-4.png,https://justccell.com/wp-content/uploads/2026/08/justccell-customer-logo-4.png,yes
108,justccell-homepage-premium-section-image.png,"Justccell Homepage Premium Section Image","Homepage premium section image",justccell-premium-technology.png,https://justccell.com/wp-content/uploads/2026/08/justccell-premium-technology.png,yes
109,justccell-homepage-banner-3.jpg,"Justccell Homepage Banner 3",,justccell-home-banner-3.jpg,https://justccell.com/wp-content/uploads/2026/08/justccell-home-banner-3.jpg,no
110,justccell-dart-x-featured-image.png,"Justccell Dart-X Featured Image","Dart-X featured image",justccell-dart-x-catalog.png,https://justccell.com/wp-content/uploads/2026/08/justccell-dart-x-catalog.png,yes
111,justccell-stylo-featured-image.png,"Justccell Stylo Featured Image","Stylo featured image",justccell-stylo-catalog.png,https://justccell.com/wp-content/uploads/2026/08/justccell-stylo-catalog.png,yes
112,justccell-homepage-hero-banner-justccell-banner-2.jpg,"Homepage Hero Banner JUSTCCELL Banner 2","homepage hero banner JUSTCCELL banner 2",justccell-home-banner-2.jpg,https://justccell.com/wp-content/uploads/2026/08/justccell-home-banner-2.jpg,yes
113,justccell-homepage-banner-4.jpg,"Justccell Homepage Banner 4",,justccell-home-banner-4.jpg,https://justccell.com/wp-content/uploads/2026/08/justccell-home-banner-4.jpg,no
114,justccell-homepage-featured-image.jpg,"Justccell Homepage Featured Image","Homepage featured image",justccell-home-banner-1.jpg,https://justccell.com/wp-content/uploads/2026/08/justccell-home-banner-1.jpg,yes
115,justccell-tank-spin.jpg,"Justccell Tank Spin","Tank spin",tank-360-00.jpg,https://justccell.com/wp-content/uploads/2026/08/tank-360-00.jpg,yes
116,justccell-tank-spin-02.jpg,"Justccell Tank Spin 02","Tank spin 02",tank-360-01.jpg,https://justccell.com/wp-content/uploads/2026/08/tank-360-01.jpg,yes
117,justccell-tank-spin-03.jpg,"Justccell Tank Spin 03","Tank spin 03",tank-360-02.jpg,https://justccell.com/wp-content/uploads/2026/08/tank-360-02.jpg,yes
118,justccell-tank-spin-04.jpg,"Justccell Tank Spin 04","Tank spin 04",tank-360-03.jpg,https://justccell.com/wp-content/uploads/2026/08/tank-360-03.jpg,yes
119,justccell-tank-spin-05.jpg,"Justccell Tank Spin 05","Tank spin 05",tank-360-04.jpg,https://justccell.com/wp-content/uploads/2026/08/tank-360-04.jpg,yes
120,justccell-tank-spin-06.jpg,"Justccell Tank Spin 06","Tank spin 06",tank-360-05.jpg,https://justccell.com/wp-content/uploads/2026/08/tank-360-05.jpg,yes
121,justccell-tank-spin-07.jpg,"Justccell Tank Spin 07","Tank spin 07",tank-360-06.jpg,https://justccell.com/wp-content/uploads/2026/08/tank-360-06.jpg,yes
122,justccell-tank-spin-08.jpg,"Justccell Tank Spin 08","Tank spin 08",tank-360-07.jpg,https://justccell.com/wp-content/uploads/2026/08/tank-360-07.jpg,yes
123,justccell-tank-spin-09.jpg,"Justccell Tank Spin 09","Tank spin 09",tank-360-08.jpg,https://justccell.com/wp-content/uploads/2026/08/tank-360-08.jpg,yes
124,justccell-tank-spin-10.jpg,"Justccell Tank Spin 10","Tank spin 10",tank-360-09.jpg,https://justccell.com/wp-content/uploads/2026/08/tank-360-09.jpg,yes
125,justccell-tank-spin-11.jpg,"Justccell Tank Spin 11","Tank spin 11",tank-360-10.jpg,https://justccell.com/wp-content/uploads/2026/08/tank-360-10.jpg,yes
126,justccell-tank-spin-12.jpg,"Justccell Tank Spin 12","Tank spin 12",tank-360-11.jpg,https://justccell.com/wp-content/uploads/2026/08/tank-360-11.jpg,yes
127,justccell-tank-spin-13.jpg,"Justccell Tank Spin 13","Tank spin 13",tank-360-12.jpg,https://justccell.com/wp-content/uploads/2026/08/tank-360-12.jpg,yes
128,justccell-tank-spin-14.jpg,"Justccell Tank Spin 14","Tank spin 14",tank-360-13.jpg,https://justccell.com/wp-content/uploads/2026/08/tank-360-13.jpg,yes
129,justccell-tank-spin-15.jpg,"Justccell Tank Spin 15","Tank spin 15",tank-360-14.jpg,https://justccell.com/wp-content/uploads/2026/08/tank-360-14.jpg,yes
130,justccell-tank-spin-16.jpg,"Justccell Tank Spin 16","Tank spin 16",tank-360-15.jpg,https://justccell.com/wp-content/uploads/2026/08/tank-360-15.jpg,yes
131,justccell-tank-spin-17.jpg,"Justccell Tank Spin 17","Tank spin 17",tank-360-16.jpg,https://justccell.com/wp-content/uploads/2026/08/tank-360-16.jpg,yes
132,justccell-tank-spin-18.jpg,"Justccell Tank Spin 18","Tank spin 18",tank-360-17.jpg,https://justccell.com/wp-content/uploads/2026/08/tank-360-17.jpg,yes
133,justccell-tank-spin-19.jpg,"Justccell Tank Spin 19","Tank spin 19",tank-360-18.jpg,https://justccell.com/wp-content/uploads/2026/08/tank-360-18.jpg,yes
134,justccell-tank-spin-20.jpg,"Justccell Tank Spin 20","Tank spin 20",tank-360-19.jpg,https://justccell.com/wp-content/uploads/2026/08/tank-360-19.jpg,yes
135,justccell-tank-spin-21.jpg,"Justccell Tank Spin 21","Tank spin 21",tank-360-20.jpg,https://justccell.com/wp-content/uploads/2026/08/tank-360-20.jpg,yes
136,justccell-tank-spin-22.jpg,"Justccell Tank Spin 22","Tank spin 22",tank-360-21.jpg,https://justccell.com/wp-content/uploads/2026/08/tank-360-21.jpg,yes
137,justccell-tank-spin-23.jpg,"Justccell Tank Spin 23","Tank spin 23",tank-360-22.jpg,https://justccell.com/wp-content/uploads/2026/08/tank-360-22.jpg,yes
138,justccell-tank-spin-24.jpg,"Justccell Tank Spin 24","Tank spin 24",tank-360-23.jpg,https://justccell.com/wp-content/uploads/2026/08/tank-360-23.jpg,yes
139,justccell-tank-spin-25.jpg,"Justccell Tank Spin 25","Tank spin 25",tank-360-24.jpg,https://justccell.com/wp-content/uploads/2026/08/tank-360-24.jpg,yes
140,justccell-tank-spin-26.jpg,"Justccell Tank Spin 26","Tank spin 26",tank-360-25.jpg,https://justccell.com/wp-content/uploads/2026/08/tank-360-25.jpg,yes
141,justccell-tank-spin-27.jpg,"Justccell Tank Spin 27","Tank spin 27",tank-360-26.jpg,https://justccell.com/wp-content/uploads/2026/08/tank-360-26.jpg,yes
142,justccell-tank-spin-28.jpg,"Justccell Tank Spin 28","Tank spin 28",tank-360-27.jpg,https://justccell.com/wp-content/uploads/2026/08/tank-360-27.jpg,yes
143,justccell-tank-spin-29.jpg,"Justccell Tank Spin 29","Tank spin 29",tank-360-28.jpg,https://justccell.com/wp-content/uploads/2026/08/tank-360-28.jpg,yes
144,justccell-tank-spin-30.jpg,"Justccell Tank Spin 30","Tank spin 30",tank-360-29.jpg,https://justccell.com/wp-content/uploads/2026/08/tank-360-29.jpg,yes
145,justccell-tank-spin-31.jpg,"Justccell Tank Spin 31","Tank spin 31",tank-360-30.jpg,https://justccell.com/wp-content/uploads/2026/08/tank-360-30.jpg,yes
146,justccell-tank-spin-32.jpg,"Justccell Tank Spin 32","Tank spin 32",tank-360-31.jpg,https://justccell.com/wp-content/uploads/2026/08/tank-360-31.jpg,yes
147,justccell-tank-spin-33.jpg,"Justccell Tank Spin 33","Tank spin 33",tank-360-32.jpg,https://justccell.com/wp-content/uploads/2026/08/tank-360-32.jpg,yes
148,justccell-tank-spin-34.jpg,"Justccell Tank Spin 34","Tank spin 34",tank-360-33.jpg,https://justccell.com/wp-content/uploads/2026/08/tank-360-33.jpg,yes
149,justccell-tank-spin-35.jpg,"Justccell Tank Spin 35","Tank spin 35",tank-360-34.jpg,https://justccell.com/wp-content/uploads/2026/08/tank-360-34.jpg,yes
150,justccell-tank-spin-36.jpg,"Justccell Tank Spin 36","Tank spin 36",tank-360-35.jpg,https://justccell.com/wp-content/uploads/2026/08/tank-360-35.jpg,yes
151,justccell-m3-plus-evomax-background.jpg,"Justccell M3 Plus Evomax Background","M3 Plus evomax background",justccell-photo-e6fc274aff.jpg,https://justccell.com/wp-content/uploads/2026/08/justccell-photo-e6fc274aff.jpg,yes
153,justccell-mini-tank-product-gallery-01.png,"Justccell Mini Tank Product Gallery 01","Mini Tank product gallery 01",justccell-photo-9a395a3432.png,https://justccell.com/wp-content/uploads/2026/08/justccell-photo-9a395a3432.png,yes
154,justccell-voca-featured-image.png,"Justccell Voca Featured Image","Voca featured image",justccell-photo-08d2ff31e0.png,https://justccell.com/wp-content/uploads/2026/08/justccell-photo-08d2ff31e0.png,yes
155,justccell-flexcell-featured-image.png,"Justccell Flexcell Featured Image","Flexcell featured image",justccell-photo-35b8b8c8ec.png,https://justccell.com/wp-content/uploads/2026/08/justccell-photo-35b8b8c8ec.png,yes
156,justccell-ds01-series-featured-image.png,"Justccell DS01 Series Featured Image","DS01 Series featured image",justccell-photo-ca6eb31387.png,https://justccell.com/wp-content/uploads/2026/08/justccell-photo-ca6eb31387.png,yes
157,justccell-skye-ii-featured-image.png,"Justccell Skye II Featured Image","Skye II featured image",justccell-photo-18b0e55d22.png,https://justccell.com/wp-content/uploads/2026/08/justccell-photo-18b0e55d22.png,yes
158,justccell-listo-featured-image.png,"Justccell Listo Featured Image","Listo featured image",justccell-photo-77cc92eb23.png,https://justccell.com/wp-content/uploads/2026/08/justccell-photo-77cc92eb23.png,yes
159,justccell-rosin-bar-product-gallery-01.png,"Justccell Rosin Bar Product Gallery 01","Rosin Bar product gallery 01",justccell-photo-3e17c8fada.png,https://justccell.com/wp-content/uploads/2026/08/justccell-photo-3e17c8fada.png,yes
160,justccell-vision-box-elite-featured-image.png,"Justccell Vision Box Elite Featured Image","Vision Box Elite featured image",justccell-photo-c43e30ab41.png,https://justccell.com/wp-content/uploads/2026/08/justccell-photo-c43e30ab41.png,yes
161,justccell-flexcell-pro-featured-image.png,"Justccell Flexcell Pro Featured Image","Flexcell Pro featured image",justccell-photo-b3d4a85554.png,https://justccell.com/wp-content/uploads/2026/08/justccell-photo-b3d4a85554.png,yes
162,justccell-voca-pro-product-gallery-01.png,"Justccell Voca Pro Product Gallery 01","Voca Pro product gallery 01",justccell-photo-52239660dc.png,https://justccell.com/wp-content/uploads/2026/08/justccell-photo-52239660dc.png,yes
163,justccell-blanc-product-gallery-01.png,"Justccell Blanc Product Gallery 01","Blanc product gallery 01",justccell-photo-48d83635e4.png,https://justccell.com/wp-content/uploads/2026/08/justccell-photo-48d83635e4.png,yes
164,justccell-slym-product-gallery-01.png,"Justccell Slym Product Gallery 01","Slym product gallery 01",justccell-photo-62f8683b75.png,https://justccell.com/wp-content/uploads/2026/08/justccell-photo-62f8683b75.png,yes
165,justccell-flexcell-x-featured-image.png,"Justccell Flexcell X Featured Image","Flexcell X featured image",justccell-photo-00d9bb639b.png,https://justccell.com/wp-content/uploads/2026/08/justccell-photo-00d9bb639b.png,yes
166,justccell-eco-star-product-gallery-01.png,"Justccell Eco Star Product Gallery 01","Eco Star product gallery 01",justccell-photo-67fd05b29f.png,https://justccell.com/wp-content/uploads/2026/08/justccell-photo-67fd05b29f.png,yes
167,justccell-vision-box-featured-image.png,"Justccell Vision Box Featured Image","Vision Box featured image",justccell-photo-a6baf48515.png,https://justccell.com/wp-content/uploads/2026/08/justccell-photo-a6baf48515.png,yes
168,justccell-voca-pro-max-featured-image.png,"Justccell Voca Pro Max Featured Image","Voca Pro Max featured image",justccell-photo-0739d28298.png,https://justccell.com/wp-content/uploads/2026/08/justccell-photo-0739d28298.png,yes
169,justccell-voca-max-featured-image.png,"Justccell Voca Max Featured Image","Voca Max featured image",justccell-photo-f0373939c5.png,https://justccell.com/wp-content/uploads/2026/08/justccell-photo-f0373939c5.png,yes
170,justccell-ceramic-evomax-product-gallery-01.png,"Justccell Ceramic-EVOMAX Product Gallery 01","Ceramic-EVOMAX product gallery 01",justccell-photo-437ee82a75.png,https://justccell.com/wp-content/uploads/2026/08/justccell-photo-437ee82a75.png,yes
171,justccell-th2-evomax-product-gallery-01.png,"Justccell TH2-EVOMAX Product Gallery 01","TH2-EVOMAX product gallery 01",justccell-photo-10082003ac.png,https://justccell.com/wp-content/uploads/2026/08/justccell-photo-10082003ac.png,yes
172,justccell-m6t-evomax-product-gallery-01.png,"Justccell M6T-EVOMAX Product Gallery 01","M6T-EVOMAX product gallery 01",justccell-photo-534e05d02b.png,https://justccell.com/wp-content/uploads/2026/08/justccell-photo-534e05d02b.png,yes
173,justccell-th2-se-product-gallery-01.png,"Justccell TH2-SE Product Gallery 01","TH2-SE product gallery 01",justccell-photo-e8e975b0e9.png,https://justccell.com/wp-content/uploads/2026/08/justccell-photo-e8e975b0e9.png,yes
174,justccell-m6t-se-product-gallery-01.png,"Justccell M6T-SE Product Gallery 01","M6T-SE product gallery 01",justccell-photo-55c61acf9c.png,https://justccell.com/wp-content/uploads/2026/08/justccell-photo-55c61acf9c.png,yes
175,justccell-luster-pro-product-gallery-01.png,"Justccell Luster Pro Product Gallery 01","Luster Pro product gallery 01",justccell-photo-21177beba2.png,https://justccell.com/wp-content/uploads/2026/08/justccell-photo-21177beba2.png,yes
176,justccell-dart-x-product-gallery-01.png,"Justccell Dart-X Product Gallery 01","Dart-X product gallery 01",justccell-photo-870eb0e6a8.png,https://justccell.com/wp-content/uploads/2026/08/justccell-photo-870eb0e6a8.png,yes
177,justccell-dart-product-gallery-01.png,"Justccell Dart Product Gallery 01","Dart product gallery 01",justccell-photo-1a38f179d5.png,https://justccell.com/wp-content/uploads/2026/08/justccell-photo-1a38f179d5.png,yes
178,justccell-bellos-product-gallery-01.png,"Justccell BELLOS Product Gallery 01","BELLOS product gallery 01",justccell-photo-02a8b0e42f.png,https://justccell.com/wp-content/uploads/2026/08/justccell-photo-02a8b0e42f.png,yes
179,justccell-luster-pro-pod-featured-image.png,"Justccell Luster Pro Pod Featured Image","Luster Pro Pod featured image",justccell-photo-1619f8cffc.png,https://justccell.com/wp-content/uploads/2026/08/justccell-photo-1619f8cffc.png,yes
180,justccell-dart-series-pod-featured-image.png,"Justccell Dart Series Pod Featured Image","Dart Series Pod featured image",justccell-photo-bdf5502fe7.png,https://justccell.com/wp-content/uploads/2026/08/justccell-photo-bdf5502fe7.png,yes
181,justccell-bellos-pod-featured-image.png,"Justccell Bellos Pod Featured Image","Bellos Pod featured image",justccell-photo-b6b91e5bc8.png,https://justccell.com/wp-content/uploads/2026/08/justccell-photo-b6b91e5bc8.png,yes
182,justccell-fino-product-gallery-01.png,"Justccell Fino Product Gallery 01","Fino product gallery 01",justccell-photo-ea3b8cd6ab.png,https://justccell.com/wp-content/uploads/2026/08/justccell-photo-ea3b8cd6ab.png,yes
183,justccell-go-stik-product-gallery-01.png,"Justccell Go Stik Product Gallery 01","Go Stik product gallery 01",justccell-photo-80b3e631d0.png,https://justccell.com/wp-content/uploads/2026/08/justccell-photo-80b3e631d0.png,yes
184,justccell-palm-pro-product-gallery-01.png,"Justccell Palm Pro Product Gallery 01","Palm Pro product gallery 01",justccell-photo-41e60d2545.png,https://justccell.com/wp-content/uploads/2026/08/justccell-photo-41e60d2545.png,yes
185,justccell-m3b-plus-product-gallery-01.png,"Justccell M3B Plus Product Gallery 01","M3B Plus product gallery 01",justccell-photo-0a5d74d163.png,https://justccell.com/wp-content/uploads/2026/08/justccell-photo-0a5d74d163.png,yes
186,justccell-m3-plus-featured-image.png,"Justccell M3 Plus Featured Image","M3 Plus featured image",justccell-photo-8b9fcc8a63-1.png,https://justccell.com/wp-content/uploads/2026/08/justccell-photo-8b9fcc8a63-1.png,yes
187,justccell-flexcell-product-banner.jpg,"Justccell Flexcell Product Banner","Flexcell product banner",justccell-photo-02a8e2f040-2.jpg,https://justccell.com/wp-content/uploads/2026/08/justccell-photo-02a8e2f040-2.jpg,yes
188,justccell-flexcell-product-gallery-02.png,"Justccell Flexcell Product Gallery 02","Flexcell product gallery 02",justccell-photo-6819155906-2.png,https://justccell.com/wp-content/uploads/2026/08/justccell-photo-6819155906-2.png,yes
189,justccell-flexcell-product-gallery-03.png,"Justccell Flexcell Product Gallery 03","Flexcell product gallery 03",justccell-photo-7b196ca75a-1.png,https://justccell.com/wp-content/uploads/2026/08/justccell-photo-7b196ca75a-1.png,yes
190,justccell-flexcell-product-gallery-04.png,"Justccell Flexcell Product Gallery 04","Flexcell product gallery 04",justccell-photo-72ea503de8-1.png,https://justccell.com/wp-content/uploads/2026/08/justccell-photo-72ea503de8-1.png,yes
191,justccell-flexcell-product-gallery-05.png,"Justccell Flexcell Product Gallery 05","Flexcell product gallery 05",justccell-photo-ff9462da76-2.png,https://justccell.com/wp-content/uploads/2026/08/justccell-photo-ff9462da76-2.png,yes
192,justccell-flexcell-product-gallery-06.png,"Justccell Flexcell Product Gallery 06","Flexcell product gallery 06",justccell-photo-10aa9b2649-1.png,https://justccell.com/wp-content/uploads/2026/08/justccell-photo-10aa9b2649-1.png,yes
193,justccell-flexcell-product-gallery-07.png,"Justccell Flexcell Product Gallery 07","Flexcell product gallery 07",justccell-photo-537ec63514-1.png,https://justccell.com/wp-content/uploads/2026/08/justccell-photo-537ec63514-1.png,yes
194,justccell-photo-47a3b1046c-1.png,"Justccell Photo 47a3b1046c 1",,justccell-photo-47a3b1046c-1.png,https://justccell.com/wp-content/uploads/2026/08/justccell-photo-47a3b1046c-1.png,no
195,justccell-photo-bab48cd096.jpg,"Justccell Photo Bab48cd096",,justccell-photo-bab48cd096.jpg,https://justccell.com/wp-content/uploads/2026/08/justccell-photo-bab48cd096.jpg,no
196,justccell-photo-7c598161d3.jpg,"Justccell Photo 7c598161d3",,justccell-photo-7c598161d3.jpg,https://justccell.com/wp-content/uploads/2026/08/justccell-photo-7c598161d3.jpg,no
197,justccell-flexcell-feature-image.png,"Justccell Flexcell Feature Image","Flexcell feature image",justccell-photo-9a485f8b2f.png,https://justccell.com/wp-content/uploads/2026/08/justccell-photo-9a485f8b2f.png,yes
198,justccell-flexcell-feature-image-02.jpg,"Justccell Flexcell Feature Image 02","Flexcell feature image 02",justccell-photo-6c117e6901.jpg,https://justccell.com/wp-content/uploads/2026/08/justccell-photo-6c117e6901.jpg,yes
199,justccell-flexcell-feature-image-03.png,"Justccell Flexcell Feature Image 03","Flexcell feature image 03",justccell-photo-6196f54754.png,https://justccell.com/wp-content/uploads/2026/08/justccell-photo-6196f54754.png,yes
200,justccell-voca-pro-feature-image-06.jpg,"Justccell Voca Pro Feature Image 06","Voca Pro feature image 06",justccell-photo-b31ddb0165.jpg,https://justccell.com/wp-content/uploads/2026/08/justccell-photo-b31ddb0165.jpg,yes
211,justccell-com-circle-logo.png,"Justccell .com Circle Logo",,Justccell.com-circle-logo.png,https://justccell.com/wp-content/uploads/2026/08/Justccell.com-circle-logo.png,no
212,justccell-com-logo-horizontal-small.png,"Justccell .com Logo Horizontal Small",,Justccell.com-logo-horizontal-small.png,https://justccell.com/wp-content/uploads/2026/08/Justccell.com-logo-horizontal-small.png,no
213,justccell-com-logo-horizontal.png,"Justccell .com Logo Horizontal",,Justccell.com-logo-horizontal.png,https://justccell.com/wp-content/uploads/2026/08/Justccell.com-logo-horizontal.png,no
214,justccell-com-logo-square.png,"Justccell .com Logo Square",,Justccell.com-logo-square.png,https://justccell.com/wp-content/uploads/2026/08/Justccell.com-logo-square.png,no
215,justccell-horizontal-by-3devices-02.jpg,"Justccell Horizontal By 3Devices",,JustCCELL_horizontal_by_3Devices-1.jpg,https://justccell.com/wp-content/uploads/2026/08/JustCCELL_horizontal_by_3Devices-1.jpg,no
216,justccell-by-3devices-02.jpg,"Justccell By 3Devices",,JustCCELL_by_3Devices-1.jpg,https://justccell.com/wp-content/uploads/2026/08/JustCCELL_by_3Devices-1.jpg,no
217,justccell-photo-217.png,"Justccell Photo 217",,justccell-photo-217.png,https://justccell.com/wp-content/uploads/2026/08/justccell-photo-217.png,no
218,justccell-photo-218.png,"Justccell Photo 218",,justccell-photo-218.png,https://justccell.com/wp-content/uploads/2026/08/justccell-photo-218.png,no
220,justccell-photo-c9fc844106-1.png,"Justccell Photo C9fc844106 1",,justccell-photo-c9fc844106-1.png,https://justccell.com/wp-content/uploads/2026/08/justccell-photo-c9fc844106-1.png,no
221,justccell-photo-2f70c078f4-1.png,"Justccell Photo 2f70c078f4 1",,justccell-photo-2f70c078f4-1.png,https://justccell.com/wp-content/uploads/2026/08/justccell-photo-2f70c078f4-1.png,no
227,justccell-cropped-justccell-com-logo-square.png,Cropped-Justccell.com-logo-square,,cropped-Justccell.com-logo-square.png,https://justccell.com/wp-content/uploads/2026/08/cropped-Justccell.com-logo-square.png,no
228,justccell-listo-catalog-card-image.png,"Justccell Listo Catalog Card Image","Listo catalog card image",justccell-photo-edd4449173.png,https://justccell.com/wp-content/uploads/2026/08/justccell-photo-edd4449173.png,yes
229,justccell-ds01-series-catalog-card-image.png,"Justccell DS01 Series Catalog Card Image","DS01 Series catalog card image",justccell-photo-3821dae70a.png,https://justccell.com/wp-content/uploads/2026/08/justccell-photo-3821dae70a.png,yes
230,justccell-skye-ii-catalog-card-image.png,"Justccell Skye II Catalog Card Image","Skye II catalog card image",justccell-photo-ed211677b2.png,https://justccell.com/wp-content/uploads/2026/08/justccell-photo-ed211677b2.png,yes
231,justccell-flexcell-pro-catalog-card-image.png,"Justccell Flexcell Pro Catalog Card Image","Flexcell Pro catalog card image",justccell-photo-bdf6c18546.png,https://justccell.com/wp-content/uploads/2026/08/justccell-photo-bdf6c18546.png,yes
232,justccell-voca-catalog-card-image.png,"Justccell Voca Catalog Card Image","Voca catalog card image",justccell-photo-ff3038a29f.png,https://justccell.com/wp-content/uploads/2026/08/justccell-photo-ff3038a29f.png,yes
233,justccell-voca-pro-max-catalog-card-image.png,"Justccell Voca Pro Max Catalog Card Image","Voca Pro Max catalog card image",justccell-photo-0a255d399a.png,https://justccell.com/wp-content/uploads/2026/08/justccell-photo-0a255d399a.png,yes
234,justccell-all-in-ones-listing-hero-desktop.jpg,"Justccell All-In-Ones Listing Hero Desktop","All-In-Ones listing hero desktop",justccell-all-in-ones-catalog-hero-desktop.jpg,https://justccell.com/wp-content/uploads/2026/08/justccell-all-in-ones-catalog-hero-desktop.jpg,yes
235,justccell-510-batteries-listing-hero-desktop.jpg,"Justccell 510 Batteries Listing Hero Desktop","510 Batteries listing hero desktop",justccell-510-batteries-catalog-hero-1.jpg,https://justccell.com/wp-content/uploads/2026/08/justccell-510-batteries-catalog-hero-1.jpg,yes
236,justccell-cartridges-listing-hero-desktop.jpg,"Justccell Cartridges Listing Hero Desktop","Cartridges listing hero desktop",justccell-cartridges-catalog-hero-1.jpg,https://justccell.com/wp-content/uploads/2026/08/justccell-cartridges-catalog-hero-1.jpg,yes
237,justccell-pod-systems-listing-hero-desktop-02.jpg,"Justccell Pod Systems Listing Hero Desktop 02","Pod Systems listing hero desktop 02",justccell-pod-systems-catalog-hero.jpg,https://justccell.com/wp-content/uploads/2026/08/justccell-pod-systems-catalog-hero.jpg,yes
238,justccell-all-in-ones-listing-hero-mobile.jpg,"Justccell All-In-Ones Listing Hero Mobile","All-In-Ones listing hero mobile",justccell-all-in-ones-catalog-hero-mobile-1.jpg,https://justccell.com/wp-content/uploads/2026/08/justccell-all-in-ones-catalog-hero-mobile-1.jpg,yes
239,justccell-flexcell-x-product-gallery-02.png,"Justccell Flexcell X Product Gallery 02","Flexcell X product gallery 02",justccell-photo-9bf76028cf.png,https://justccell.com/wp-content/uploads/2026/08/justccell-photo-9bf76028cf.png,yes
240,justccell-vision-box-catalog-card-image.png,"Justccell Vision Box Catalog Card Image","Vision Box catalog card image",justccell-photo-7bcf269e7e-1.png,https://justccell.com/wp-content/uploads/2026/08/justccell-photo-7bcf269e7e-1.png,yes
316,justccell-micro-text-macro-precision-%e2%9c%a8from-beam-to-brand-laser-engraving-isnt-just-a-process-its-our-p-1.mp4,"Justccell Micro Text, Macro Precision.✨From Beam To Brand- Laser Engraving Isn’t Just A Process It’s Our P (1)",,Micro-Text-Macro-Precision.✨From-beam-to-brand-Laser-engraving-isnt-just-a-process—its-our-p-1.mp4,https://justccell.com/wp-content/uploads/2026/08/Micro-Text-Macro-Precision.✨From-beam-to-brand-Laser-engraving-isnt-just-a-process—its-our-p-1.mp4,no
317,justccell-photo-bd38a4410b-2.jpg,"Justccell Photo Bd38a4410b 2",,justccell-photo-bd38a4410b-2.jpg,https://justccell.com/wp-content/uploads/2026/08/justccell-photo-bd38a4410b-2.jpg,no
318,justccell-photo-ef18a81378-2.jpg,"Justccell Photo Ef18a81378 2",,justccell-photo-ef18a81378-2.jpg,https://justccell.com/wp-content/uploads/2026/08/justccell-photo-ef18a81378-2.jpg,no
319,justccell-photo-5b005e180b-1.jpg,"Justccell Photo 5b005e180b 1",,justccell-photo-5b005e180b-1.jpg,https://justccell.com/wp-content/uploads/2026/08/justccell-photo-5b005e180b-1.jpg,no
320,justccell-photo-0c905987e5-1.jpg,"Justccell Photo 0c905987e5 1",,justccell-photo-0c905987e5-1.jpg,https://justccell.com/wp-content/uploads/2026/08/justccell-photo-0c905987e5-1.jpg,no
321,justccell-photo-188a5bc7b5-1.jpg,"Justccell Photo 188a5bc7b5 1",,justccell-photo-188a5bc7b5-1.jpg,https://justccell.com/wp-content/uploads/2026/08/justccell-photo-188a5bc7b5-1.jpg,no
322,justccell-photo-b12cad46fa.jpg,"Justccell Photo B12cad46fa",,justccell-photo-b12cad46fa.jpg,https://justccell.com/wp-content/uploads/2026/08/justccell-photo-b12cad46fa.jpg,no
323,justccell-photo-6675584c8c.jpg,"Justccell Photo 6675584c8c",,justccell-photo-6675584c8c.jpg,https://justccell.com/wp-content/uploads/2026/08/justccell-photo-6675584c8c.jpg,no
324,justccell-photo-3e044740d1.jpg,"Justccell Photo 3e044740d1",,justccell-photo-3e044740d1.jpg,https://justccell.com/wp-content/uploads/2026/08/justccell-photo-3e044740d1.jpg,no
327,justccell-storefront-laser-heating-video.mp4,"Justccell Storefront Laser Heating Video","Storefront laser heating video",justccell-laser-engraving-mp4.mp4,https://justccell.com/wp-content/uploads/2026/08/justccell-laser-engraving-mp4.mp4,yes
331,justccell-home-banner-1.jpg,"Justccell Home-banner-1",,justccell-justccell-home-banner-1-jpg.jpg,https://justccell.com/wp-content/uploads/2026/08/justccell-justccell-home-banner-1-jpg.jpg,no
332,justccell-image-332.jpg,"Justccell Public Uploads Images 20240428 4485d0612bffcf88ae0f82061d94a14a",,justccell-photo-7bf2b72b03.jpg,https://justccell.com/wp-content/uploads/2026/08/justccell-photo-7bf2b72b03.jpg,no
333,justccell-image-333.jpg,"Justccell Public Uploads Images 20240418 A654bae2ea73b3ed46e849ab5da2ab27",,justccell-photo-c1c24ad860.jpg,https://justccell.com/wp-content/uploads/2026/08/justccell-photo-c1c24ad860.jpg,no
334,justccell-image-334.jpg,"Justccell Public Uploads Images 20230619 F459c95d808a2408ed5bf3d2b411434f",,justccell-photo-1c88fc545c.jpg,https://justccell.com/wp-content/uploads/2026/08/justccell-photo-1c88fc545c.jpg,no
335,justccell-image-335.jpg,"Justccell Public Uploads Images 20220519 Ddfc957386b1c9a39b0c7aa5760aff6f",,justccell-photo-5dec654f1e.jpg,https://justccell.com/wp-content/uploads/2026/08/justccell-photo-5dec654f1e.jpg,no
336,justccell-image-336.jpg,"Justccell Public Uploads Images 20220610 A9d34462dc85fbfd31dd4106ba73460f",,justccell-photo-b4b5b4df1a-scaled.jpg,https://justccell.com/wp-content/uploads/2026/08/justccell-photo-b4b5b4df1a-scaled.jpg,no
337,justccell-image-337.jpg,"Justccell Public Uploads Images 20211203 306da31b4e8a854290d1d8fe4326bdb6",,justccell-photo-637127c104.jpg,https://justccell.com/wp-content/uploads/2026/08/justccell-photo-637127c104.jpg,no
338,justccell-image-338.png,"Justccell Public Uploads Images 20250102 82578a31622ae7bfdf50b1655f78f5ab",,justccell-photo-b5ce1398d4.png,https://justccell.com/wp-content/uploads/2026/08/justccell-photo-b5ce1398d4.png,no
339,justccell-image-339.jpg,"Justccell Public Uploads Images 20250224 4161ae7d257d2044358ce5e8be528aa4",,justccell-photo-6dc0ded830.jpg,https://justccell.com/wp-content/uploads/2026/08/justccell-photo-6dc0ded830.jpg,no
340,justccell-image-340.jpg,"Justccell Public Uploads Images 20230607 Dda9a28314d76c69f157814a24926f93",,justccell-photo-9475489190.jpg,https://justccell.com/wp-content/uploads/2026/08/justccell-photo-9475489190.jpg,no
341,justccell-image-341.jpg,"Justccell Public Uploads Images 20240812 26b5158fd2bc691560d463107501b377",,justccell-photo-a9fdfdd917.jpg,https://justccell.com/wp-content/uploads/2026/08/justccell-photo-a9fdfdd917.jpg,no
342,justccell-image-342.jpg,"Justccell Public Uploads Images 20240110 6a7e2f7f6c499a7cd87ade43df42cd3f",,justccell-photo-8041247728.jpg,https://justccell.com/wp-content/uploads/2026/08/justccell-photo-8041247728.jpg,no
343,justccell-image-343.jpg,"Justccell Public Uploads Images 20240110 A5993a36ddc1525a8eb97f2687722fe0",,justccell-photo-c6ee0fc137.jpg,https://justccell.com/wp-content/uploads/2026/08/justccell-photo-c6ee0fc137.jpg,no
344,justccell-image-344.jpg,"Justccell Public Uploads Images 20241230 047330b79e7b4bcf3c9b94611e4a40d2",,justccell-photo-4dcc9e538c.jpg,https://justccell.com/wp-content/uploads/2026/08/justccell-photo-4dcc9e538c.jpg,no
345,justccell-image-345.jpg,"Justccell Public Uploads Images 20240828 F7423f9caa1c0c56c08cf38c57c54d6a",,justccell-photo-757a2a8b09.jpg,https://justccell.com/wp-content/uploads/2026/08/justccell-photo-757a2a8b09.jpg,no
346,justccell-image-346.png,"Justccell Public Uploads Images 20250618 Ef0b9959fce75370dec051054e52cc64",,justccell-photo-8a75d3b323.png,https://justccell.com/wp-content/uploads/2026/08/justccell-photo-8a75d3b323.png,no
347,justccell-image-347.jpg,"Justccell Public Uploads Images 20240415 D39a1032cc623a08688a78e8c75ea5a0",,justccell-photo-09aa69fdd2.jpg,https://justccell.com/wp-content/uploads/2026/08/justccell-photo-09aa69fdd2.jpg,no
348,justccell-image-348.jpg,"Justccell Public Uploads Images 20240110 C3e265cbee41b51829016083950e862c",,justccell-photo-60377bfcea.jpg,https://justccell.com/wp-content/uploads/2026/08/justccell-photo-60377bfcea.jpg,no
349,justccell-image-349.jpg,"Justccell Public Uploads Images 20240918 447e65fa09619ec30961e6aea389d7e0",,justccell-photo-3009642f9e.jpg,https://justccell.com/wp-content/uploads/2026/08/justccell-photo-3009642f9e.jpg,no
350,justccell-image-350.jpg,"Justccell Public Uploads Images 20240418 2a2759adc53b7d4618febcfa8b6fbf80",,justccell-photo-6c28c5de92.jpg,https://justccell.com/wp-content/uploads/2026/08/justccell-photo-6c28c5de92.jpg,no
351,justccell-image-351.jpg,"Justccell Public Uploads Images 20230705 31d0cc93d16d41afbe33b6b18ab3f0f2",,justccell-photo-c24cd69393.jpg,https://justccell.com/wp-content/uploads/2026/08/justccell-photo-c24cd69393.jpg,no
352,justccell-image-352.jpg,"Justccell Public Uploads Images 20230707 E2de513bcc3744d780b15ff52e0041cb",,justccell-photo-c6b86f9e58.jpg,https://justccell.com/wp-content/uploads/2026/08/justccell-photo-c6b86f9e58.jpg,no
353,justccell-image-353.png,"Justccell Public Uploads Images 20240401 577dce9b340ea379dbaa3d455efb28a8",,justccell-photo-21807c6b10.png,https://justccell.com/wp-content/uploads/2026/08/justccell-photo-21807c6b10.png,no
354,justccell-image-354.jpg,"Justccell Public Uploads Images 20211018 90928592a96172d260e73986276963c6",,justccell-photo-f9af7e1043.jpg,https://justccell.com/wp-content/uploads/2026/08/justccell-photo-f9af7e1043.jpg,no
355,justccell-image-355.jpg,"Justccell Public Uploads Images 20211018 Ba59b2a894996f895abff6ba01ad2dfc",,justccell-photo-6dfac2d4d8.jpg,https://justccell.com/wp-content/uploads/2026/08/justccell-photo-6dfac2d4d8.jpg,no
356,justccell-image-356.jpg,"Justccell Public Uploads Images 20211018 A5c7248c1d16d7963322b274a8bf2aaa",,justccell-photo-ae44613975.jpg,https://justccell.com/wp-content/uploads/2026/08/justccell-photo-ae44613975.jpg,no
357,justccell-image-357.png,"Justccell Public Uploads Images 20240401 972324fbf5e8e77cef8f2f8576a812ff",,justccell-photo-a2a36e28f6.png,https://justccell.com/wp-content/uploads/2026/08/justccell-photo-a2a36e28f6.png,no
358,justccell-image-358.jpg,"Justccell Public Uploads Images 20220106 9c1b9ed28459548b8326f0bbcefbacc4",,justccell-photo-4e055281b9.jpg,https://justccell.com/wp-content/uploads/2026/08/justccell-photo-4e055281b9.jpg,no
359,justccell-image-359.jpg,"Justccell Public Uploads Images 20211026 6211b4f5bac89b5a68b05b640c5349b3",,justccell-photo-105880e11a.jpg,https://justccell.com/wp-content/uploads/2026/08/justccell-photo-105880e11a.jpg,no
360,justccell-image-360.png,"Justccell Public Uploads Images 20250409 Ab50b1aa8d413daf5a3568a24fc2ac15",,justccell-photo-8c42c810ae.png,https://justccell.com/wp-content/uploads/2026/08/justccell-photo-8c42c810ae.png,no
361,justccell-image-361.jpg,"Justccell Public Uploads Images 20231204 169c3a5b3edb68a04a84a3047be1ab96",,justccell-photo-13df244b3d.jpg,https://justccell.com/wp-content/uploads/2026/08/justccell-photo-13df244b3d.jpg,no
362,justccell-3-0-hero-desktop.jpg,"Justccell 3.0 Hero Desktop",,justccell-photo-e103e0a32e-scaled.jpg,https://justccell.com/wp-content/uploads/2026/08/justccell-photo-e103e0a32e-scaled.jpg,no
363,justccell-3-0-hero-mobile.jpg,"Justccell 3.0 Hero Mobile",,justccell-photo-906d790a58.jpg,https://justccell.com/wp-content/uploads/2026/08/justccell-photo-906d790a58.jpg,no
364,justccell-3-0-flavor-desktop.jpg,"Justccell 3.0 Flavor Desktop",,justccell-photo-735fff82cb.jpg,https://justccell.com/wp-content/uploads/2026/08/justccell-photo-735fff82cb.jpg,no
365,justccell-3-0-flavor-mobile.png,"Justccell 3.0 Flavor Mobile",,justccell-photo-1d65f352b2.png,https://justccell.com/wp-content/uploads/2026/08/justccell-photo-1d65f352b2.png,no
366,justccell-3-0-stomata-1-desktop.jpg,"Justccell 3.0 Stomata 1 Desktop",,justccell-photo-9afb804d78.jpg,https://justccell.com/wp-content/uploads/2026/08/justccell-photo-9afb804d78.jpg,no
367,justccell-3-0-stomata-1-mobile.png,"Justccell 3.0 Stomata 1 Mobile",,justccell-photo-172ec0ddeb.png,https://justccell.com/wp-content/uploads/2026/08/justccell-photo-172ec0ddeb.png,no
368,justccell-3-0-nexus-1-desktop.jpg,"Justccell 3.0 Nexus 1 Desktop",,justccell-photo-ebe0ed57eb.jpg,https://justccell.com/wp-content/uploads/2026/08/justccell-photo-ebe0ed57eb.jpg,no
369,justccell-image-369.jpg,"Justccell Public Uploads Images 20230706 79528deb60f1a855ccdf521e809bdc2c",,justccell-photo-dc0b9bc599.jpg,https://justccell.com/wp-content/uploads/2026/08/justccell-photo-dc0b9bc599.jpg,no
370,justccell-3-0-nexus-1-mobile.png,"Justccell 3.0 Nexus 1 Mobile",,justccell-photo-2052605928.png,https://justccell.com/wp-content/uploads/2026/08/justccell-photo-2052605928.png,no
371,justccell-3-0-pure-desktop.jpg,"Justccell 3.0 Pure Desktop",,justccell-photo-4cebc504a1.jpg,https://justccell.com/wp-content/uploads/2026/08/justccell-photo-4cebc504a1.jpg,no
372,justccell-3-0-pure-mobile.png,"Justccell 3.0 Pure Mobile",,justccell-photo-6442a6d7a9.png,https://justccell.com/wp-content/uploads/2026/08/justccell-photo-6442a6d7a9.png,no
373,justccell-3-0-nexus-2-desktop.jpg,"Justccell 3.0 Nexus 2 Desktop",,justccell-photo-834dc7efd4.jpg,https://justccell.com/wp-content/uploads/2026/08/justccell-photo-834dc7efd4.jpg,no
374,justccell-3-0-nexus-2-mobile.png,"Justccell 3.0 Nexus 2 Mobile",,justccell-photo-1aef2c8747.png,https://justccell.com/wp-content/uploads/2026/08/justccell-photo-1aef2c8747.png,no
375,justccell-3-0-reliable-desktop.jpg,"Justccell 3.0 Reliable Desktop",,justccell-photo-7e18c3778f.jpg,https://justccell.com/wp-content/uploads/2026/08/justccell-photo-7e18c3778f.jpg,no
376,justccell-3-0-reliable-mobile.png,"Justccell 3.0 Reliable Mobile",,justccell-photo-cf01af992a.png,https://justccell.com/wp-content/uploads/2026/08/justccell-photo-cf01af992a.png,no
377,justccell-3-0-stomata-2-desktop.jpg,"Justccell 3.0 Stomata 2 Desktop",,justccell-photo-f9aed66cb8.jpg,https://justccell.com/wp-content/uploads/2026/08/justccell-photo-f9aed66cb8.jpg,no
378,justccell-3-0-stomata-2-mobile.png,"Justccell 3.0 Stomata 2 Mobile",,justccell-photo-ecb2f38bf1.png,https://justccell.com/wp-content/uploads/2026/08/justccell-photo-ecb2f38bf1.png,no
379,justccell-3-0-nexus-3-desktop.jpg,"Justccell 3.0 Nexus 3 Desktop",,justccell-photo-bd4684c643.jpg,https://justccell.com/wp-content/uploads/2026/08/justccell-photo-bd4684c643.jpg,no
380,justccell-3-0-nexus-3-mobile.png,"Justccell 3.0 Nexus 3 Mobile",,justccell-photo-e9f1f6fbb4.png,https://justccell.com/wp-content/uploads/2026/08/justccell-photo-e9f1f6fbb4.png,no
381,justccell-image-381.jpg,"Justccell Public Uploads Images 20230817 4930d6af0ae4692b71ce5c25f70cfc87",,justccell-photo-b13a348528.jpg,https://justccell.com/wp-content/uploads/2026/08/justccell-photo-b13a348528.jpg,no
382,justccell-image-382.jpg,"Justccell Public Uploads Images 20230811 E3256b0bf3fbe6ce8ab1afd494d3b47f",,justccell-photo-686bc3aa7c.jpg,https://justccell.com/wp-content/uploads/2026/08/justccell-photo-686bc3aa7c.jpg,no
383,justccell-image-383.jpg,"Justccell Public Uploads Images 20240227 6c140ab283f5f70ed4989f90434503f4",,justccell-photo-719b96a8a2.jpg,https://justccell.com/wp-content/uploads/2026/08/justccell-photo-719b96a8a2.jpg,no
384,justccell-image-384.jpg,"Justccell Public Uploads Images 20221024 76ae2bea82a80892129ffa38a19db3c7",,justccell-photo-9bc9900c88.jpg,https://justccell.com/wp-content/uploads/2026/08/justccell-photo-9bc9900c88.jpg,no
385,justccell-contact-hero-desktop.jpg,"Justccell Contact-hero-desktop",,justccell-justccell-contact-hero-desktop-jpg.jpg,https://justccell.com/wp-content/uploads/2026/08/justccell-justccell-contact-hero-desktop-jpg.jpg,no
386,justccell-contact-hero-mobile.jpg,"Justccell Contact-hero-mobile",,justccell-justccell-contact-hero-mobile-jpg.jpg,https://justccell.com/wp-content/uploads/2026/08/justccell-justccell-contact-hero-mobile-jpg.jpg,no
387,justccell-distributor-3win.jpg,"Justccell Distributor-3win",,justccell-justccell-distributor-3win-jpg.jpg,https://justccell.com/wp-content/uploads/2026/08/justccell-justccell-distributor-3win-jpg.jpg,no
388,justccell-distributor-canna-brand.png,"Justccell Distributor-canna-brand",,justccell-justccell-distributor-canna-brand-png.png,https://justccell.com/wp-content/uploads/2026/08/justccell-justccell-distributor-canna-brand-png.png,no
389,justccell-distributor-jupiter.jpg,"Justccell Distributor-jupiter",,justccell-justccell-distributor-jupiter-jpg.jpg,https://justccell.com/wp-content/uploads/2026/08/justccell-justccell-distributor-jupiter-jpg.jpg,no
392,justccell-technology-hero-banner-mobile.jpg,"Justccell Technology Hero Banner Mobile","Technology hero banner mobile",justccell-justccell-why-technology-hero-mobile-jpg.jpg,https://justccell.com/wp-content/uploads/2026/08/justccell-justccell-why-technology-hero-mobile-jpg.jpg,yes
393,justccell-why-technology-intro.png,"Justccell Why-technology-intro",,justccell-justccell-why-technology-intro-png.png,https://justccell.com/wp-content/uploads/2026/08/justccell-justccell-why-technology-intro-png.png,no
394,justccell-why-technology-row-1.png,"Justccell Why-technology-row-1",,justccell-justccell-why-technology-row-1-png.png,https://justccell.com/wp-content/uploads/2026/08/justccell-justccell-why-technology-row-1-png.png,no
395,justccell-why-technology-row-2.png,"Justccell Why-technology-row-2",,justccell-justccell-why-technology-row-2-png.png,https://justccell.com/wp-content/uploads/2026/08/justccell-justccell-why-technology-row-2-png.png,no
396,justccell-why-technology-row-3.png,"Justccell Why-technology-row-3",,justccell-justccell-why-technology-row-3-png.png,https://justccell.com/wp-content/uploads/2026/08/justccell-justccell-why-technology-row-3-png.png,no
397,justccell-safety-hero-banner-mobile.jpg,"Justccell Safety Hero Banner Mobile","Safety hero banner mobile",justccell-justccell-why-safety-hero-jpg.jpg,https://justccell.com/wp-content/uploads/2026/08/justccell-justccell-why-safety-hero-jpg.jpg,yes
398,justccell-why-safety-intro.jpg,"Justccell Why-safety-intro",,justccell-justccell-why-safety-intro-jpg.jpg,https://justccell.com/wp-content/uploads/2026/08/justccell-justccell-why-safety-intro-jpg.jpg,no
399,justccell-research-hero-banner-mobile.jpg,"Justccell Research Hero Banner Mobile","Research hero banner mobile",justccell-justccell-why-research-hero-jpg.jpg,https://justccell.com/wp-content/uploads/2026/08/justccell-justccell-why-research-hero-jpg.jpg,yes
400,justccell-why-research-intro.png,"Justccell Why-research-intro",,justccell-justccell-why-research-intro-png.png,https://justccell.com/wp-content/uploads/2026/08/justccell-justccell-why-research-intro-png.png,no
401,justccell-discover-discover-image-mobile.jpg,"Justccell Discover Discover Image Mobile","Discover discover image mobile",justccell-justccell-discover-hero-jpg-scaled.jpg,https://justccell.com/wp-content/uploads/2026/08/justccell-justccell-discover-hero-jpg-scaled.jpg,yes
402,justccell-why-technology-hero.jpg,"Justccell Why-technology-hero",,justccell-justccell-why-technology-hero-jpg.jpg,https://justccell.com/wp-content/uploads/2026/08/justccell-justccell-why-technology-hero-jpg.jpg,no
403,justccell-manufacture-hero-banner-mobile.jpg,"Justccell Manufacture Hero Banner Mobile","Manufacture hero banner mobile",justccell-justccell-why-manufacture-hero-jpg.jpg,https://justccell.com/wp-content/uploads/2026/08/justccell-justccell-why-manufacture-hero-jpg.jpg,yes
444,justccell-blog-featured-image-ceramic-core-hardware-for-wholesale-buyers-in-2026.jpg,"Justccell Blog Featured Image Ceramic Core Hardware For Wholesale Buyers In 2026","Blog featured image — Ceramic core hardware for wholesale buyers in 2026",justccell-v2-ceramic-core-wholesale-2026.jpg,https://justccell.com/wp-content/uploads/2026/08/justccell-v2-ceramic-core-wholesale-2026.jpg,yes
445,justccell-blog-featured-image-ceramic-vs-cotton-heating-for-cannabis-oil.jpg,"Justccell Blog Featured Image Ceramic Vs Cotton Heating For Cannabis Oil","Blog featured image — Ceramic vs cotton heating for cannabis oil",justccell-v2-ceramic-vs-cotton-heating.jpg,https://justccell.com/wp-content/uploads/2026/08/justccell-v2-ceramic-vs-cotton-heating.jpg,yes
446,justccell-blog-featured-image-how-to-choose-vape-hardware-by-oil-type.jpg,"Justccell Blog Featured Image How To Choose Vape Hardware By Oil Type","Blog featured image — How to choose vape hardware by oil type",justccell-v2-choose-hardware-oil-type.jpg,https://justccell.com/wp-content/uploads/2026/08/justccell-v2-choose-hardware-oil-type.jpg,yes
447,justccell-blog-featured-image-how-to-charge-a-510-thread-battery.jpg,"Justccell Blog Featured Image How To Charge A 510 Thread Battery","Blog featured image — How to charge a 510 thread battery",justccell-v2-charge-510-battery.jpg,https://justccell.com/wp-content/uploads/2026/08/justccell-v2-charge-510-battery.jpg,yes
448,justccell-blog-featured-image-what-is-a-510-thread-cartridge.jpg,"Justccell Blog Featured Image What Is A 510 Thread Cartridge?","Blog featured image — What is a 510 thread cartridge?",justccell-v2-what-is-510-thread.jpg,https://justccell.com/wp-content/uploads/2026/08/justccell-v2-what-is-510-thread.jpg,yes
449,justccell-blog-featured-image-how-to-fill-ceramic-cartridges-without-leaks.jpg,"Justccell Blog Featured Image How To Fill Ceramic Cartridges Without Leaks","Blog featured image — How to fill ceramic cartridges without leaks",justccell-v2-fill-ceramic-cartridge.jpg,https://justccell.com/wp-content/uploads/2026/08/justccell-v2-fill-ceramic-cartridge.jpg,yes
450,justccell-blog-featured-image-voltage-settings-for-distillate-live-resin-and-rosin.jpg,"Justccell Blog Featured Image Voltage Settings For Distillate, Live Resin, And Rosin","Blog featured image — Voltage settings for distillate, live resin, and rosin",justccell-v2-voltage-distillate-live-resin.jpg,https://justccell.com/wp-content/uploads/2026/08/justccell-v2-voltage-distillate-live-resin.jpg,yes
451,justccell-blog-featured-image-child-resistant-hardware-and-packaging-for-licensed-brands.jpg,"Justccell Blog Featured Image Child-resistant Hardware And Packaging For Licensed Brands","Blog featured image — Child-resistant hardware and packaging for licensed brands",justccell-v2-child-resistant-hardware.jpg,https://justccell.com/wp-content/uploads/2026/08/justccell-v2-child-resistant-hardware.jpg,yes
452,justccell-blog-featured-image-laser-engraving-and-private-label-hardware.jpg,"Justccell Blog Featured Image Laser Engraving And Private-label Hardware","Blog featured image — Laser engraving and private-label hardware",justccell-v2-laser-engraving-private-label.jpg,https://justccell.com/wp-content/uploads/2026/08/justccell-v2-laser-engraving-private-label.jpg,yes
453,justccell-image-453.jpg,"Blog Featured Image Justccell 3.0 Heating For Live Extracts","Blog featured image — Justccell 3.0 heating for live extracts",justccell-v2-justccell-3-0-heating.jpg,https://justccell.com/wp-content/uploads/2026/08/justccell-v2-justccell-3-0-heating.jpg,yes
454,justccell-blog-featured-image-uk-and-europe-hardware-notes-for-extract-brands.jpg,"Justccell Blog Featured Image UK And Europe Hardware Notes For Extract Brands","Blog featured image — UK and Europe hardware notes for extract brands",justccell-v2-uk-europe-hardware-compliance.jpg,https://justccell.com/wp-content/uploads/2026/08/justccell-v2-uk-europe-hardware-compliance.jpg,yes
455,justccell-blog-featured-image-what-are-terpenes-and-why-hardware-temperature-matters.jpg,"Justccell Blog Featured Image What Are Terpenes And Why Hardware Temperature Matters","Blog featured image — What are terpenes and why hardware temperature matters",justccell-v2-terpenes-hardware-temperature.jpg,https://justccell.com/wp-content/uploads/2026/08/justccell-v2-terpenes-hardware-temperature.jpg,yes
456,justccell-blog-featured-image-why-cheap-cartridges-leak-and-what-it-costs-brands.jpg,"Justccell Blog Featured Image Why Cheap Cartridges Leak And What It Costs Brands","Blog featured image — Why cheap cartridges leak and what it costs brands",justccell-v2-why-cheap-cartridges-leak.jpg,https://justccell.com/wp-content/uploads/2026/08/justccell-v2-why-cheap-cartridges-leak.jpg,yes
457,justccell-blog-featured-image-how-to-build-a-first-sample-tray-for-extract-brands.jpg,"Justccell Blog Featured Image How To Build A First Sample Tray For Extract Brands","Blog featured image — How to build a first sample tray for extract brands",justccell-v2-first-sample-tray-extract-brands.jpg,https://justccell.com/wp-content/uploads/2026/08/justccell-v2-first-sample-tray-extract-brands.jpg,yes
458,justccell-blog-featured-image-medical-grade-materials-in-inhalation-hardware.jpg,"Justccell Blog Featured Image Medical-grade Materials In Inhalation Hardware","Blog featured image — Medical-grade materials in inhalation hardware",justccell-v2-medical-grade-inhalation-materials.jpg,https://justccell.com/wp-content/uploads/2026/08/justccell-v2-medical-grade-inhalation-materials.jpg,yes
94165,justccell-gemini-generated-image-48csga48csga48cs.png,"Justccell Gemini Generated Image 48csga48csga48cs",,Gemini_Generated_Image_48csga48csga48cs.png,https://justccell.com/wp-content/uploads/2026/08/Gemini_Generated_Image_48csga48csga48cs.png,no
97353,justccell-gemini-generated-image-48csga48csga48cs-02.png,"Justccell Gemini Generated Image 48csga48csga48cs",,Gemini_Generated_Image_48csga48csga48cs-1.png,https://justccell.com/wp-content/uploads/2026/08/Gemini_Generated_Image_48csga48csga48cs-1.png,no
115966,justccell-chatgpt-image-aug-28-2026-10-16-25-pm.png,"Justccell ChatGPT Image Aug 28, 2026, 10 16 25 PM",,ChatGPT-Image-Aug-28-2026-10_16_25-PM.png,https://justccell.com/wp-content/uploads/2026/08/ChatGPT-Image-Aug-28-2026-10_16_25-PM.png,no
118196,justccell-chatgpt-image-aug-28-2026-10-16-25-pm-02.png,"Justccell ChatGPT Image Aug 28, 2026, 10 16 25 PM",,ChatGPT-Image-Aug-28-2026-10_16_25-PM-1.png,https://justccell.com/wp-content/uploads/2026/08/ChatGPT-Image-Aug-28-2026-10_16_25-PM-1.png,no
126681,justccell-chatgpt-image-aug-28-2026-10-35-29-pm.png,"Justccell ChatGPT Image Aug 28, 2026, 10 35 29 PM",,ChatGPT-Image-Aug-28-2026-10_35_29-PM.png,https://justccell.com/wp-content/uploads/2026/08/ChatGPT-Image-Aug-28-2026-10_35_29-PM.png,no
130750,justccell-chatgpt-image-aug-28-2026-10-35-29-pm-02.png,"Justccell ChatGPT Image Aug 28, 2026, 10 35 29 PM",,ChatGPT-Image-Aug-28-2026-10_35_29-PM-1.png,https://justccell.com/wp-content/uploads/2026/08/ChatGPT-Image-Aug-28-2026-10_35_29-PM-1.png,no
137407,justccell-pod-systems-listing-hero-desktop.png,"Justccell Pod Systems Listing Hero Desktop","Pod Systems listing hero desktop",ChatGPT-Image-Aug-28-2026-10_35_29-PM-2.png,https://justccell.com/wp-content/uploads/2026/08/ChatGPT-Image-Aug-28-2026-10_35_29-PM-2.png,yes
140916,justccell-pod-systems-listing-hero-mobile.png,"Justccell Pod Systems Listing Hero Mobile","Pod Systems listing hero mobile",ChatGPT-Image-Aug-28-2026-10_35_29-PM-3.png,https://justccell.com/wp-content/uploads/2026/08/ChatGPT-Image-Aug-28-2026-10_35_29-PM-3.png,yes
170827,justccell-homepage-hero-banner-justccell-banner-1.png,"Homepage Hero Banner JUSTCCELL Banner 1","homepage hero banner JUSTCCELL banner 1",Rosin-Box-Launch-File.png,https://justccell.com/wp-content/uploads/2026/08/Rosin-Box-Launch-File.png,yes
198881,justccell-doc-20260820-wa0053.png,"Justccell DOC-20260820-WA0053",,DOC-20260820-WA0053.png,https://justccell.com/wp-content/uploads/2026/08/DOC-20260820-WA0053.png,no
232859,justccell-doc-20260820-wa0053-02.png,"Justccell DOC-20260820-WA0053",,DOC-20260820-WA0053-1.png,https://justccell.com/wp-content/uploads/2026/08/DOC-20260820-WA0053-1.png,no
268297,justccell-image-268297.png,"Justccell Public Uploads Images 20230707 Dc26da9aba04c80cd0ba34b689d1b784",,justccell-photo-f9ef3f957f.png,https://justccell.com/wp-content/uploads/2026/08/justccell-photo-f9ef3f957f.png,no
268298,justccell-image-268298.png,"Justccell Public Uploads Images 20230707 Cb1816068fb4dca2734adb92980feef2",,justccell-photo-14ea4c007d.png,https://justccell.com/wp-content/uploads/2026/08/justccell-photo-14ea4c007d.png,no
268299,justccell-image-268299.png,"Justccell Public Uploads Images 20230707 8c3d2b65fa5ad34e71fcefee14c08895",,justccell-photo-6185ab82f5.png,https://justccell.com/wp-content/uploads/2026/08/justccell-photo-6185ab82f5.png,no
268300,justccell-image-268300.png,"Justccell Public Uploads Images 20230707 5dc6213f52228d4cd66d088fcadb6046",,justccell-photo-ed67cac2cf.png,https://justccell.com/wp-content/uploads/2026/08/justccell-photo-ed67cac2cf.png,no
268301,justccell-image-268301.png,"Justccell Public Uploads Images 20230707 E98a705354445c0011f3b7477d2620f9",,justccell-photo-4215734f10.png,https://justccell.com/wp-content/uploads/2026/08/justccell-photo-4215734f10.png,no
268302,justccell-image-268302.png,"Justccell Public Uploads Images 20230707 9ebfad7d9fd5b652991de59a5211186b",,justccell-photo-6c1bcdfd59.png,https://justccell.com/wp-content/uploads/2026/08/justccell-photo-6c1bcdfd59.png,no
268303,justccell-image-268303.jpg,"Justccell Public Uploads Images 20230707 4f25d88368de6a30c9dc83502411cbe5",,justccell-photo-fe71bd4070.jpg,https://justccell.com/wp-content/uploads/2026/08/justccell-photo-fe71bd4070.jpg,no
268304,justccell-image-268304.jpg,"Justccell Public Uploads Images 20230706 2cc7f9e1f5e34dcbb4ebfa2598dd9ed2",,justccell-photo-c66e0b1367.jpg,https://justccell.com/wp-content/uploads/2026/08/justccell-photo-c66e0b1367.jpg,no
268305,justccell-image-268305.jpg,"Justccell Public Uploads Images 20230706 D773a7cc387abd1b5715abc3b0b9f0c7",,justccell-photo-5c72d002a4.jpg,https://justccell.com/wp-content/uploads/2026/08/justccell-photo-5c72d002a4.jpg,no
268306,justccell-image-268306.jpg,"Justccell Public Uploads Images 20230706 0c4a3c09aba3838258f39ff1d11753c3",,justccell-photo-45efcf930f.jpg,https://justccell.com/wp-content/uploads/2026/08/justccell-photo-45efcf930f.jpg,no
268307,justccell-image-268307.jpg,"Justccell Public Uploads Images 20230706 24fe07eff6b27d539e1ababb9755321f",,justccell-photo-973a7aa7a1.jpg,https://justccell.com/wp-content/uploads/2026/08/justccell-photo-973a7aa7a1.jpg,no
268308,justccell-image-268308.jpg,"Justccell Public Uploads Images 20230706 6b649ca69fc6781e918b020702db778c",,justccell-photo-f215106752.jpg,https://justccell.com/wp-content/uploads/2026/08/justccell-photo-f215106752.jpg,no
268666,justccell-image-268666.jpg,"Justccell Public Uploads Images 20230619 3edf1188bf7bd1bcabbf2f8f267dd5ca",,justccell-photo-5b1877a92c.jpg,https://justccell.com/wp-content/uploads/2026/08/justccell-photo-5b1877a92c.jpg,no
268667,justccell-image-268667.jpg,"Justccell Public Uploads Images 20230619 1b7a09e65681025f4b485182414234d7",,justccell-photo-1d2add346f.jpg,https://justccell.com/wp-content/uploads/2026/08/justccell-photo-1d2add346f.jpg,no
268668,justccell-image-268668.jpg,"Justccell Public Uploads Images 20230619 7e5b1755de3ba3561d64ab3df6a3ea52",,justccell-photo-773ade3d1a.jpg,https://justccell.com/wp-content/uploads/2026/08/justccell-photo-773ade3d1a.jpg,no
268669,justccell-image-268669.jpg,"Justccell Public Uploads Images 20230619 D99840eb4c707d5d43d68b8b1e7a504d",,justccell-photo-5597dc7c9e.jpg,https://justccell.com/wp-content/uploads/2026/08/justccell-photo-5597dc7c9e.jpg,no
268670,justccell-image-268670.jpg,"Justccell Public Uploads Images 20230619 C5b08a7beb692315d4ab596a6e7787aa",,justccell-photo-8b8f967392.jpg,https://justccell.com/wp-content/uploads/2026/08/justccell-photo-8b8f967392.jpg,no
268671,justccell-image-268671.jpg,"Justccell Public Uploads Images 20230619 63bf0919f69c21ff052a428d36bc960b",,justccell-photo-2ece717a92.jpg,https://justccell.com/wp-content/uploads/2026/08/justccell-photo-2ece717a92.jpg,no
268672,justccell-image-268672.jpg,"Justccell Public Uploads Images 20230619 D2b522410e676299a18d9674e200aecd",,justccell-photo-003da04e9c.jpg,https://justccell.com/wp-content/uploads/2026/08/justccell-photo-003da04e9c.jpg,no
268673,justccell-image-268673.png,"Justccell Public Uploads Images 20211220 Cfa88b7b4074a33eb7c7b7414991e85f",,justccell-photo-cbf392f5e8.png,https://justccell.com/wp-content/uploads/2026/08/justccell-photo-cbf392f5e8.png,no
268674,justccell-image-268674.png,"Justccell Public Uploads Images 20211220 Be818c6b09b5b5de26ff272527627ba8",,justccell-photo-af0689a67d.png,https://justccell.com/wp-content/uploads/2026/08/justccell-photo-af0689a67d.png,no
268675,justccell-image-268675.png,"Justccell Public Uploads Images 20211220 3835e5ebd53fb23f693dcd0fd5947125",,justccell-photo-466eea95f3.png,https://justccell.com/wp-content/uploads/2026/08/justccell-photo-466eea95f3.png,no
268676,justccell-image-268676.jpg,"Justccell Public Uploads Images 20211026 8690b0c0729e8eff29759c6decb3f675",,justccell-photo-50b6325bff.jpg,https://justccell.com/wp-content/uploads/2026/08/justccell-photo-50b6325bff.jpg,no
268677,justccell-image-268677.jpg,"Justccell Public Uploads Images 20211026 Ca3e8d17a4fd3b994971a4efec7bc1c9",,justccell-photo-c156b0205d.jpg,https://justccell.com/wp-content/uploads/2026/08/justccell-photo-c156b0205d.jpg,no
268678,justccell-image-268678.jpg,"Justccell Public Uploads Images 20211026 Fbcc6210630fd5f085f450e6db0b7edb",,justccell-photo-c35fc5c4d9.jpg,https://justccell.com/wp-content/uploads/2026/08/justccell-photo-c35fc5c4d9.jpg,no
268679,justccell-image-268679.jpg,"Justccell Public Uploads Images 20220519 26848aa8869795a309be373c700b8fa0",,justccell-photo-8248ba897e.jpg,https://justccell.com/wp-content/uploads/2026/08/justccell-photo-8248ba897e.jpg,no
268680,justccell-image-268680.jpg,"Justccell Public Uploads Images 20220411 6f6367e2fce3da926da7120a34ae7364",,justccell-photo-da9857da76.jpg,https://justccell.com/wp-content/uploads/2026/08/justccell-photo-da9857da76.jpg,no
268681,justccell-image-268681.png,"Justccell Public Uploads Images 20220610 79dba7ad037a7c3e90bab6e735523c45",,justccell-photo-a8df8be851.png,https://justccell.com/wp-content/uploads/2026/08/justccell-photo-a8df8be851.png,no
268682,justccell-image-268682.png,"Justccell Public Uploads Images 20220610 F815bd448185ae6f5d4d07fec8450b2c",,justccell-photo-1d2b63a0f8.png,https://justccell.com/wp-content/uploads/2026/08/justccell-photo-1d2b63a0f8.png,no
268683,justccell-image-268683.png,"Justccell Public Uploads Images 20220610 Cff9100f210884a06bccda35565e4c87",,justccell-photo-9ccebe4706.png,https://justccell.com/wp-content/uploads/2026/08/justccell-photo-9ccebe4706.png,no
268684,justccell-image-268684.jpg,"Justccell Public Uploads Images 20220610 358f2ade2a366ad33d5ff7549cb965ea",,justccell-photo-aa6e2e066d.jpg,https://justccell.com/wp-content/uploads/2026/08/justccell-photo-aa6e2e066d.jpg,no
268685,justccell-image-268685.jpg,"Justccell Public Uploads Images 20220610 Ef3c92ec53a5be265a8e27f47e95ffbf",,justccell-photo-0472471699.jpg,https://justccell.com/wp-content/uploads/2026/08/justccell-photo-0472471699.jpg,no
268686,justccell-image-268686.jpg,"Justccell Public Uploads Images 20220610 Edeb3eccf225c85079f1522389b42240",,justccell-photo-e3c1a4671f.jpg,https://justccell.com/wp-content/uploads/2026/08/justccell-photo-e3c1a4671f.jpg,no
268687,justccell-image-268687.jpg,"Justccell Public Uploads Images 20220610 C44c3e1f73322734a6bb709ffb1cbb9e",,justccell-photo-b808af49e5.jpg,https://justccell.com/wp-content/uploads/2026/08/justccell-photo-b808af49e5.jpg,no
268688,justccell-image-268688.png,"Justccell Public Uploads Images 20211216 518033817a5265c10497adff62b35780",,justccell-photo-e379e438af.png,https://justccell.com/wp-content/uploads/2026/08/justccell-photo-e379e438af.png,no
268689,justccell-image-268689.png,"Justccell Public Uploads Images 20211216 F3b19e9d786ef0873b2a8897917731c2",,justccell-photo-802c6404f5.png,https://justccell.com/wp-content/uploads/2026/08/justccell-photo-802c6404f5.png,no
268690,justccell-image-268690.png,"Justccell Public Uploads Images 20211214 Efcb821537caa8ffc550ca5d8cd893df",,justccell-photo-08ce800ec5.png,https://justccell.com/wp-content/uploads/2026/08/justccell-photo-08ce800ec5.png,no
268691,justccell-image-268691.jpg,"Justccell Public Uploads Images 20211021 9868bc17ca1e2c944b007cd9b3b0eed7",,justccell-photo-44f5fb8b23.jpg,https://justccell.com/wp-content/uploads/2026/08/justccell-photo-44f5fb8b23.jpg,no
268692,justccell-image-268692.jpg,"Justccell Public Uploads Images 20211021 426bf8c390eeef05db342e6a0ee7853d",,justccell-photo-9654a9a778.jpg,https://justccell.com/wp-content/uploads/2026/08/justccell-photo-9654a9a778.jpg,no
268693,justccell-image-268693.jpg,"Justccell Public Uploads Images 20211021 5b3a41fdc275319877c2567c5b278920",,justccell-photo-3fd54b2de6.jpg,https://justccell.com/wp-content/uploads/2026/08/justccell-photo-3fd54b2de6.jpg,no
268694,justccell-image-268694.jpg,"Justccell Public Uploads Images 20211021 66be35ff9615bfbcf22f283e13b9abbd",,justccell-photo-156f73b3e9.jpg,https://justccell.com/wp-content/uploads/2026/08/justccell-photo-156f73b3e9.jpg,no
268695,justccell-image-268695.jpg,"Justccell Public Uploads Images 20211021 Aa684bfcc159b57ade27c9577aeafd7d",,justccell-photo-ba762052f2.jpg,https://justccell.com/wp-content/uploads/2026/08/justccell-photo-ba762052f2.jpg,no
268696,justccell-image-268696.png,"Justccell Public Uploads Images 20230608 C66881e63201d335c15fd7b0175eb79a",,justccell-photo-e9e46c0063.png,https://justccell.com/wp-content/uploads/2026/08/justccell-photo-e9e46c0063.png,no
268697,justccell-image-268697.png,"Justccell Public Uploads Images 20230608 4cae2456325a7d0bc691a46a49e19314",,justccell-photo-f1522d2b50.png,https://justccell.com/wp-content/uploads/2026/08/justccell-photo-f1522d2b50.png,no
268698,justccell-image-268698.png,"Justccell Public Uploads Images 20230608 2e7df19191650403185255304a05cab5",,justccell-photo-53854124c7.png,https://justccell.com/wp-content/uploads/2026/08/justccell-photo-53854124c7.png,no
268699,justccell-image-268699.png,"Justccell Public Uploads Images 20230608 79dd2fdb893584a5645c93f9f2fbef10",,justccell-photo-4a889ecd01.png,https://justccell.com/wp-content/uploads/2026/08/justccell-photo-4a889ecd01.png,no
268700,justccell-image-268700.png,"Justccell Public Uploads Images 20230608 Dd25f95b3d1d727f4847a4fb1946caf0",,justccell-photo-19f001c89e.png,https://justccell.com/wp-content/uploads/2026/08/justccell-photo-19f001c89e.png,no
268701,justccell-image-268701.jpg,"Justccell Public Uploads Images 20230608 6e8553f50258e926d5b1096e74b065d8",,justccell-photo-e9d57c3ee4.jpg,https://justccell.com/wp-content/uploads/2026/08/justccell-photo-e9d57c3ee4.jpg,no
268702,justccell-image-268702.jpg,"Justccell Public Uploads Images 20230608 00c86f15a7545606e976d5dc7d9bde3c",,justccell-photo-74f2313346.jpg,https://justccell.com/wp-content/uploads/2026/08/justccell-photo-74f2313346.jpg,no
268703,justccell-image-268703.jpg,"Justccell Public Uploads Images 20230608 F49df91666f087d4cced64de8f8d6f0b",,justccell-photo-cda2e19f04.jpg,https://justccell.com/wp-content/uploads/2026/08/justccell-photo-cda2e19f04.jpg,no
268704,justccell-image-268704.jpg,"Justccell Public Uploads Images 20230607 Eb11a9d077905eb2ce854f599f012450",,justccell-photo-fabe05d9af.jpg,https://justccell.com/wp-content/uploads/2026/08/justccell-photo-fabe05d9af.jpg,no
268705,justccell-image-268705.jpg,"Justccell Public Uploads Images 20230607 561f6d51147c971596ccd10a91e3defa",,justccell-photo-c83682b24f.jpg,https://justccell.com/wp-content/uploads/2026/08/justccell-photo-c83682b24f.jpg,no
268706,justccell-image-268706.jpg,"Justccell Public Uploads Images 20230607 257bfdf8e2fbce7f5257b12db5a3f69c",,justccell-photo-50f41b4b4b.jpg,https://justccell.com/wp-content/uploads/2026/08/justccell-photo-50f41b4b4b.jpg,no
268707,justccell-image-268707.jpg,"Justccell Public Uploads Images 20230607 C41ff220e66eb26cbefc5df1a25fbefb",,justccell-photo-48b7c939da.jpg,https://justccell.com/wp-content/uploads/2026/08/justccell-photo-48b7c939da.jpg,no
268708,justccell-image-268708.png,"Justccell Public Uploads Images 20221123 2586ca00dfdd07105ccbeb15c8be0f83",,justccell-photo-d212b19fad.png,https://justccell.com/wp-content/uploads/2026/08/justccell-photo-d212b19fad.png,no
268709,justccell-image-268709.jpg,"Justccell Public Uploads Images 20221123 6f6d8114b9f47a4a1594596dd2b7e8c2",,justccell-photo-300accd0ef.jpg,https://justccell.com/wp-content/uploads/2026/08/justccell-photo-300accd0ef.jpg,no
268710,justccell-image-268710.jpg,"Justccell Public Uploads Images 20211025 8a92dffa0ebb4edacb6b0435f71729ec",,justccell-photo-f0d7cf9216.jpg,https://justccell.com/wp-content/uploads/2026/08/justccell-photo-f0d7cf9216.jpg,no
268711,justccell-image-268711.jpg,"Justccell Public Uploads Images 20230213 507155268efb22c5198ad4e5660d1abb",,justccell-photo-68adfc3dd8.jpg,https://justccell.com/wp-content/uploads/2026/08/justccell-photo-68adfc3dd8.jpg,no
268712,justccell-image-268712.png,"Justccell Public Uploads Images 20230630 7d53010afb75ebdc90aab600cfa9a151",,justccell-photo-84924a4bf5.png,https://justccell.com/wp-content/uploads/2026/08/justccell-photo-84924a4bf5.png,no
268713,justccell-image-268713.png,"Justccell Public Uploads Images 20230630 C2b541ade1f272372e73cb45bf85a0e6",,justccell-photo-aa48a693a1.png,https://justccell.com/wp-content/uploads/2026/08/justccell-photo-aa48a693a1.png,no
268714,justccell-image-268714.png,"Justccell Public Uploads Images 20230630 C089d031ecf1c21ca2861f8ce6e6a1a3",,justccell-photo-99a9576f3b.png,https://justccell.com/wp-content/uploads/2026/08/justccell-photo-99a9576f3b.png,no
268715,justccell-image-268715.png,"Justccell Public Uploads Images 20230630 68c816100e9cc9a06549d0c386c44536",,justccell-photo-123e69ea45.png,https://justccell.com/wp-content/uploads/2026/08/justccell-photo-123e69ea45.png,no
268716,justccell-image-268716.png,"Justccell Public Uploads Images 20230630 6f76e9d6461735ba54d4221518ef6cdf",,justccell-photo-57f45f953f.png,https://justccell.com/wp-content/uploads/2026/08/justccell-photo-57f45f953f.png,no
268717,justccell-image-268717.png,"Justccell Public Uploads Images 20230630 78b89f0e25c0281528f2fd662b75998b",,justccell-photo-add9867e39.png,https://justccell.com/wp-content/uploads/2026/08/justccell-photo-add9867e39.png,no
268718,justccell-image-268718.png,"Justccell Public Uploads Images 20230630 62da40442b6cfeca0a708ab794872893",,justccell-photo-37c3a35a4c.png,https://justccell.com/wp-content/uploads/2026/08/justccell-photo-37c3a35a4c.png,no
268719,justccell-image-268719.jpg,"Justccell Public Uploads Images 20230630 96b51a1dd0a97047b6244398d8a38ace",,justccell-photo-2eac393460.jpg,https://justccell.com/wp-content/uploads/2026/08/justccell-photo-2eac393460.jpg,no
268720,justccell-image-268720.jpg,"Justccell Public Uploads Images 20230630 E20229ca91e05f2a3659a53a4b88469d",,justccell-photo-6f6dd56523.jpg,https://justccell.com/wp-content/uploads/2026/08/justccell-photo-6f6dd56523.jpg,no
268721,justccell-image-268721.jpg,"Justccell Public Uploads Images 20230630 1d3c5efba543bd7f7a7012f3c1d5424d",,justccell-photo-9224d5a7b8.jpg,https://justccell.com/wp-content/uploads/2026/08/justccell-photo-9224d5a7b8.jpg,no
268722,justccell-image-268722.jpg,"Justccell Public Uploads Images 20230630 Fa4f082d72b308ca1feafe1cdddf8857",,justccell-photo-1ebcf59bde.jpg,https://justccell.com/wp-content/uploads/2026/08/justccell-photo-1ebcf59bde.jpg,no
268723,justccell-image-268723.jpg,"Justccell Public Uploads Images 20230705 Ee61e5a0034e53131517714694303bbc",,justccell-photo-c26808847c.jpg,https://justccell.com/wp-content/uploads/2026/08/justccell-photo-c26808847c.jpg,no
268724,justccell-image-268724.jpg,"Justccell Public Uploads Images 20230630 320a157a8631e6991e0a8590c5645819",,justccell-photo-998db75e46.jpg,https://justccell.com/wp-content/uploads/2026/08/justccell-photo-998db75e46.jpg,no
268725,justccell-image-268725.jpg,"Justccell Public Uploads Images 20230705 B4355cc89f0f09e4a98535ce91c3f3f0",,justccell-photo-2aaa2ee362.jpg,https://justccell.com/wp-content/uploads/2026/08/justccell-photo-2aaa2ee362.jpg,no
268726,justccell-image-268726.png,"Justccell Public Uploads Images 20230630 673ce4b8354dfc105e4eeebb9b3aee00",,justccell-photo-11ea3e791a.png,https://justccell.com/wp-content/uploads/2026/08/justccell-photo-11ea3e791a.png,no
268727,justccell-image-268727.png,"Justccell Public Uploads Images 20230630 Db684fb48404db678ad711ffa8ea37e3",,justccell-photo-c08f64b2f4.png,https://justccell.com/wp-content/uploads/2026/08/justccell-photo-c08f64b2f4.png,no
268728,justccell-image-268728.png,"Justccell Public Uploads Images 20230630 Cc24947141093b85a930d14484a0811e",,justccell-photo-76c4734dea.png,https://justccell.com/wp-content/uploads/2026/08/justccell-photo-76c4734dea.png,no
268729,justccell-image-268729.png,"Justccell Public Uploads Images 20230630 B5f840537bac04623f1a5c8c248fea25",,justccell-photo-7b88ec61d8.png,https://justccell.com/wp-content/uploads/2026/08/justccell-photo-7b88ec61d8.png,no
268730,justccell-image-268730.png,"Justccell Public Uploads Images 20230630 7fa98cf2bd7abea92e5d40cc45113a87",,justccell-photo-cee628f955.png,https://justccell.com/wp-content/uploads/2026/08/justccell-photo-cee628f955.png,no
268731,justccell-image-268731.png,"Justccell Public Uploads Images 20230630 9607837b31e6d4cf2b81cd27cd442bf4",,justccell-photo-60fa34a3a6.png,https://justccell.com/wp-content/uploads/2026/08/justccell-photo-60fa34a3a6.png,no
268732,justccell-image-268732.jpg,"Justccell Public Uploads Images 20230630 35f43de50659f836e117ea4b90711d0e",,justccell-photo-b6a5f2c743.jpg,https://justccell.com/wp-content/uploads/2026/08/justccell-photo-b6a5f2c743.jpg,no
268733,justccell-image-268733.jpg,"Justccell Public Uploads Images 20230630 97ba8d7e1579160c363f1e2670e3de2d",,justccell-photo-0b61d1799d.jpg,https://justccell.com/wp-content/uploads/2026/08/justccell-photo-0b61d1799d.jpg,no
268734,justccell-image-268734.jpg,"Justccell Public Uploads Images 20230630 De674eb0c5144557243e6d170216a2d4",,justccell-photo-d6aca8e230.jpg,https://justccell.com/wp-content/uploads/2026/08/justccell-photo-d6aca8e230.jpg,no
268735,justccell-image-268735.jpg,"Justccell Public Uploads Images 20230707 25d0b79ae74c0160538948bfda1a2f09",,justccell-photo-500f99cfed.jpg,https://justccell.com/wp-content/uploads/2026/08/justccell-photo-500f99cfed.jpg,no
268736,justccell-image-268736.jpg,"Justccell Public Uploads Images 20230707 C00d670974f033bdb0060e1239dbb056",,justccell-photo-285f0e972b.jpg,https://justccell.com/wp-content/uploads/2026/08/justccell-photo-285f0e972b.jpg,no
268737,justccell-image-268737.jpg,"Justccell Public Uploads Images 20230707 04ad9a31e1dee0f033de0cff69364f96",,justccell-photo-40584d814a.jpg,https://justccell.com/wp-content/uploads/2026/08/justccell-photo-40584d814a.jpg,no
268738,justccell-image-268738.jpg,"Justccell Public Uploads Images 20230707 A8815573c5a5ab2acfa1dcd8a97859df",,justccell-photo-62d2102c49.jpg,https://justccell.com/wp-content/uploads/2026/08/justccell-photo-62d2102c49.jpg,no
268739,justccell-image-268739.png,"Justccell Public Uploads Images 20211018 75c3d2349d12be4895c3e411e58853ae",,justccell-photo-00b19c4452.png,https://justccell.com/wp-content/uploads/2026/08/justccell-photo-00b19c4452.png,no
268740,justccell-image-268740.png,"Justccell Public Uploads Images 20211018 0f8777853bf760da3d5e613590a2191e",,justccell-photo-b33974493b.png,https://justccell.com/wp-content/uploads/2026/08/justccell-photo-b33974493b.png,no
268741,justccell-image-268741.png,"Justccell Public Uploads Images 20211018 1ad1e595bd65053c115b111bc5a11790",,justccell-photo-6edcbc1262.png,https://justccell.com/wp-content/uploads/2026/08/justccell-photo-6edcbc1262.png,no
268742,justccell-image-268742.png,"Justccell Public Uploads Images 20211018 23ae18e11186e97df696050f01c89b71",,justccell-photo-4da2db1df1.png,https://justccell.com/wp-content/uploads/2026/08/justccell-photo-4da2db1df1.png,no
268743,justccell-image-268743.png,"Justccell Public Uploads Images 20211018 C42b90eee6c073ee7481a0a3d32431f9",,justccell-photo-b8a95bd944.png,https://justccell.com/wp-content/uploads/2026/08/justccell-photo-b8a95bd944.png,no
268744,justccell-image-268744.jpg,"Justccell Public Uploads Images 20211018 57ad6338a80aa452499e554af44957a3",,justccell-photo-362d48cb0f.jpg,https://justccell.com/wp-content/uploads/2026/08/justccell-photo-362d48cb0f.jpg,no
268745,justccell-image-268745.jpg,"Justccell Public Uploads Images 20211018 7b1f322772298028660f358e3a4507e7",,justccell-photo-bb790884e4.jpg,https://justccell.com/wp-content/uploads/2026/08/justccell-photo-bb790884e4.jpg,no
268746,justccell-image-268746.jpg,"Justccell Public Uploads Images 20211018 D9e4fb6e084fa9f145ac5ce50dd66064",,justccell-photo-a9a1755695.jpg,https://justccell.com/wp-content/uploads/2026/08/justccell-photo-a9a1755695.jpg,no
268747,justccell-image-268747.jpg,"Justccell Public Uploads Images 20211018 F5f6129622b3c09687027a362cb55533",,justccell-photo-4f57057211.jpg,https://justccell.com/wp-content/uploads/2026/08/justccell-photo-4f57057211.jpg,no
268748,justccell-image-268748.jpg,"Justccell Public Uploads Images 20211018 Ac8e99dcc42e008b665edd1dd27555a9",,justccell-photo-cc070a2ee2.jpg,https://justccell.com/wp-content/uploads/2026/08/justccell-photo-cc070a2ee2.jpg,no
268749,justccell-image-268749.png,"Justccell Public Uploads Images 20211018 421a49e0d5411c37cd2098bfaf502f12",,justccell-photo-c21925ad7a.png,https://justccell.com/wp-content/uploads/2026/08/justccell-photo-c21925ad7a.png,no
268750,justccell-image-268750.png,"Justccell Public Uploads Images 20211018 9bee38f6147b42fbee618e111bb20982",,justccell-photo-d545cb19d6.png,https://justccell.com/wp-content/uploads/2026/08/justccell-photo-d545cb19d6.png,no
268751,justccell-image-268751.png,"Justccell Public Uploads Images 20211018 085d3a339b358deeeac8d055cc270cd8",,justccell-photo-dfae8752fc.png,https://justccell.com/wp-content/uploads/2026/08/justccell-photo-dfae8752fc.png,no
268752,justccell-image-268752.png,"Justccell Public Uploads Images 20211018 427500b26f25981dedce84420b82a3d2",,justccell-photo-daab23f6ae.png,https://justccell.com/wp-content/uploads/2026/08/justccell-photo-daab23f6ae.png,no
268753,justccell-image-268753.jpg,"Justccell Public Uploads Images 20211018 Fd7591c9369259459412b6a05a75dfdd",,justccell-photo-f28470f913.jpg,https://justccell.com/wp-content/uploads/2026/08/justccell-photo-f28470f913.jpg,no
268754,justccell-image-268754.jpg,"Justccell Public Uploads Images 20211018 4e396307350fdf788ea513a4dc2fa41d",,justccell-photo-dc734d0103.jpg,https://justccell.com/wp-content/uploads/2026/08/justccell-photo-dc734d0103.jpg,no
268755,justccell-image-268755.jpg,"Justccell Public Uploads Images 20211018 F848437589a1eac0a360a70e642daa62",,justccell-photo-e213d6d8f4.jpg,https://justccell.com/wp-content/uploads/2026/08/justccell-photo-e213d6d8f4.jpg,no
268756,justccell-image-268756.jpg,"Justccell Public Uploads Images 20211018 C7bf18da199fe191c37bc63c4e13b2c9",,justccell-photo-f9e45b6f8c.jpg,https://justccell.com/wp-content/uploads/2026/08/justccell-photo-f9e45b6f8c.jpg,no
268757,justccell-image-268757.jpg,"Justccell Public Uploads Images 20211018 7373bc7f152f0be7a4178a8222f245d6",,justccell-photo-af6bf414a2.jpg,https://justccell.com/wp-content/uploads/2026/08/justccell-photo-af6bf414a2.jpg,no
268758,justccell-image-268758.png,"Justccell Public Uploads Images 20211018 8a3803d5449437efe454c1c45c5d718e",,justccell-photo-5cfebe944e.png,https://justccell.com/wp-content/uploads/2026/08/justccell-photo-5cfebe944e.png,no
268759,justccell-image-268759.png,"Justccell Public Uploads Images 20211018 Fcf9c2288f2da2a58e067e6e01bd95d1",,justccell-photo-c602e1c579.png,https://justccell.com/wp-content/uploads/2026/08/justccell-photo-c602e1c579.png,no
268760,justccell-image-268760.png,"Justccell Public Uploads Images 20211018 C1b3e8f7fede4e3b1f7cae2844d3cc04",,justccell-photo-3f440f7008.png,https://justccell.com/wp-content/uploads/2026/08/justccell-photo-3f440f7008.png,no
268761,justccell-image-268761.png,"Justccell Public Uploads Images 20211018 A2c7b776d32a8bcb007c5b00bb87fd34",,justccell-photo-7b2509e1a4.png,https://justccell.com/wp-content/uploads/2026/08/justccell-photo-7b2509e1a4.png,no
268762,justccell-image-268762.png,"Justccell Public Uploads Images 20211018 2fa7043a77a0d41e89645c948395d5f7",,justccell-photo-b95a9d227d.png,https://justccell.com/wp-content/uploads/2026/08/justccell-photo-b95a9d227d.png,no
268763,justccell-image-268763.jpg,"Justccell Public Uploads Images 20211018 69d84978b847d3b81097516e108a000f",,justccell-photo-cb725223b3.jpg,https://justccell.com/wp-content/uploads/2026/08/justccell-photo-cb725223b3.jpg,no
268764,justccell-image-268764.jpg,"Justccell Public Uploads Images 20211018 0f858fe2706cfe09847edb55dec5e27b",,justccell-photo-5504a1768d.jpg,https://justccell.com/wp-content/uploads/2026/08/justccell-photo-5504a1768d.jpg,no
268765,justccell-image-268765.jpg,"Justccell Public Uploads Images 20211018 756e5de17d72afa5ed42dc18365fbe30",,justccell-photo-e78c2fdf1b.jpg,https://justccell.com/wp-content/uploads/2026/08/justccell-photo-e78c2fdf1b.jpg,no
268766,justccell-image-268766.jpg,"Justccell Public Uploads Images 20211018 3094dffe2c1bd41193c4c94e7b72c0cd",,justccell-photo-95199ac844.jpg,https://justccell.com/wp-content/uploads/2026/08/justccell-photo-95199ac844.jpg,no
268767,justccell-image-268767.jpg,"Justccell Public Uploads Images 20211018 12a862c724fca4b2993290ccf4343a4d",,justccell-photo-9a469039f8.jpg,https://justccell.com/wp-content/uploads/2026/08/justccell-photo-9a469039f8.jpg,no
268768,justccell-image-268768.png,"Justccell Public Uploads Images 20220106 35ccae5e319e78016c0352202e7e3c85",,justccell-photo-e5482d8d23.png,https://justccell.com/wp-content/uploads/2026/08/justccell-photo-e5482d8d23.png,no
268769,justccell-image-268769.png,"Justccell Public Uploads Images 20220106 05922ba2d917e99c5b4aaa004b2d4a81",,justccell-photo-3fd047ecae.png,https://justccell.com/wp-content/uploads/2026/08/justccell-photo-3fd047ecae.png,no
268770,justccell-image-268770.png,"Justccell Public Uploads Images 20220106 Ffe0f5d1e8a759890715668669d7e51e",,justccell-photo-1c8cdf24d2.png,https://justccell.com/wp-content/uploads/2026/08/justccell-photo-1c8cdf24d2.png,no
268771,justccell-image-268771.png,"Justccell Public Uploads Images 20211019 F5182fc610adbff6144ce1fe449d6351",,justccell-photo-e2ff73f0d8.png,https://justccell.com/wp-content/uploads/2026/08/justccell-photo-e2ff73f0d8.png,no
268772,justccell-image-268772.png,"Justccell Public Uploads Images 20220106 2eb01eb6115841cf8363fb141edba5d5",,justccell-photo-0871aa4d2d.png,https://justccell.com/wp-content/uploads/2026/08/justccell-photo-0871aa4d2d.png,no
268773,justccell-image-268773.jpg,"Justccell Public Uploads Images 20220106 62eb0ca8058341c3c39e4d1a3dfb7356",,justccell-photo-a3a66de997.jpg,https://justccell.com/wp-content/uploads/2026/08/justccell-photo-a3a66de997.jpg,no
268774,justccell-image-268774.jpg,"Justccell Public Uploads Images 20220106 504ff73be5f4a3d9bce15d148925fdef",,justccell-photo-6635ef4da7.jpg,https://justccell.com/wp-content/uploads/2026/08/justccell-photo-6635ef4da7.jpg,no
268775,justccell-image-268775.jpg,"Justccell Public Uploads Images 20211117 34d99fa30062b934dfee24e74faa5ff6",,justccell-photo-6e4ca77abf.jpg,https://justccell.com/wp-content/uploads/2026/08/justccell-photo-6e4ca77abf.jpg,no
268776,justccell-image-268776.jpg,"Justccell Public Uploads Images 20211027 6fc747fcbe4f0583acf9c3e4ddceac2f",,justccell-photo-e31b7ec917.jpg,https://justccell.com/wp-content/uploads/2026/08/justccell-photo-e31b7ec917.jpg,no
268777,justccell-image-268777.png,"Justccell Public Uploads Images 20211026 4baa91f6ee77486f65dcc3e1b440ade3",,justccell-photo-210f63ee60.png,https://justccell.com/wp-content/uploads/2026/08/justccell-photo-210f63ee60.png,no
268778,justccell-image-268778.png,"Justccell Public Uploads Images 20211026 40c9a9c89258ced01ef0c9f6277e4a1b",,justccell-photo-dec201cc9b.png,https://justccell.com/wp-content/uploads/2026/08/justccell-photo-dec201cc9b.png,no
268779,justccell-image-268779.png,"Justccell Public Uploads Images 20211026 Aee7f87ba8dd29499b932aa174cdd289",,justccell-photo-2b1cc0114c.png,https://justccell.com/wp-content/uploads/2026/08/justccell-photo-2b1cc0114c.png,no
268780,justccell-image-268780.png,"Justccell Public Uploads Images 20211026 2ef886f136d6ca22f5319725ed787eb4",,justccell-photo-21e97c6b1e.png,https://justccell.com/wp-content/uploads/2026/08/justccell-photo-21e97c6b1e.png,no
268781,justccell-image-268781.jpg,"Justccell Public Uploads Images 20211027 B7adc37e27acdff7ebac4391ea8b1bd6",,justccell-photo-5a1c92cf1c.jpg,https://justccell.com/wp-content/uploads/2026/08/justccell-photo-5a1c92cf1c.jpg,no
268782,justccell-image-268782.png,"Justccell Public Uploads Images 20250407 Bf3a22ee3f84edfd38858c9249e7df64",,justccell-photo-8e964596ee.png,https://justccell.com/wp-content/uploads/2026/08/justccell-photo-8e964596ee.png,no
268783,justccell-image-268783.png,"Justccell Public Uploads Images 20250407 1d796dfac075f66b900294149b8e5dec",,justccell-photo-83fff17ed9.png,https://justccell.com/wp-content/uploads/2026/08/justccell-photo-83fff17ed9.png,no
268784,justccell-image-268784.png,"Justccell Public Uploads Images 20250407 D1d7a2b7ada01497a14092b4b2e1a201",,justccell-photo-ef4be77576.png,https://justccell.com/wp-content/uploads/2026/08/justccell-photo-ef4be77576.png,no
268785,justccell-image-268785.png,"Justccell Public Uploads Images 20250407 9b236b9ded20dbd86d94142babeb6ff7",,justccell-photo-8503f63e11.png,https://justccell.com/wp-content/uploads/2026/08/justccell-photo-8503f63e11.png,no
268786,justccell-image-268786.png,"Justccell Public Uploads Images 20250407 1b01f99f834e77cab2c8f79ad17158f0",,justccell-photo-00f8a455cb.png,https://justccell.com/wp-content/uploads/2026/08/justccell-photo-00f8a455cb.png,no
268787,justccell-image-268787.png,"Justccell Public Uploads Images 20250407 07e7a5b989ec27f209ab146be9a739ae",,justccell-photo-ead5b67887.png,https://justccell.com/wp-content/uploads/2026/08/justccell-photo-ead5b67887.png,no
268788,justccell-image-268788.png,"Justccell Public Uploads Images 20250407 5b516a95fa40742cb2d9bcc964f929f4",,justccell-photo-d3eb656a9f.png,https://justccell.com/wp-content/uploads/2026/08/justccell-photo-d3eb656a9f.png,no
268789,justccell-image-268789.png,"Justccell Public Uploads Images 20250407 76a0ec1212080b6877126b964168b116",,justccell-photo-8507979234.png,https://justccell.com/wp-content/uploads/2026/08/justccell-photo-8507979234.png,no
268790,justccell-image-268790.png,"Justccell Public Uploads Images 20250407 C1b449c922651ab6b34718f2208b3e45",,justccell-photo-5572650748.png,https://justccell.com/wp-content/uploads/2026/08/justccell-photo-5572650748.png,no
268791,justccell-image-268791.png,"Justccell Public Uploads Images 20250407 Cad6636c0104b56532e597efaee31a1a",,justccell-photo-2711f3e148.png,https://justccell.com/wp-content/uploads/2026/08/justccell-photo-2711f3e148.png,no
268792,justccell-image-268792.png,"Justccell Public Uploads Images 20250407 51d5a94f2b0b4355550116e8a555c35b",,justccell-photo-b286907b8e.png,https://justccell.com/wp-content/uploads/2026/08/justccell-photo-b286907b8e.png,no
268793,justccell-image-268793.png,"Justccell Public Uploads Images 20250407 174624c33151927cacf60c59db4655cb",,justccell-photo-0d52ad5203.png,https://justccell.com/wp-content/uploads/2026/08/justccell-photo-0d52ad5203.png,no
268794,justccell-image-268794.png,"Justccell Public Uploads Images 20250407 C163a4dcb46c9e24fc8716929c3452c2",,justccell-photo-f6df315c80.png,https://justccell.com/wp-content/uploads/2026/08/justccell-photo-f6df315c80.png,no
268795,justccell-image-268795.png,"Justccell Public Uploads Images 20250407 Ad505b74eca99a1cdb0264352098ed7a",,justccell-photo-5e172491d8.png,https://justccell.com/wp-content/uploads/2026/08/justccell-photo-5e172491d8.png,no
268796,justccell-image-268796.png,"Justccell Public Uploads Images 20231204 2c5d9114ce475c43d0a6c1ecd5709691",,justccell-photo-26c28fde0d.png,https://justccell.com/wp-content/uploads/2026/08/justccell-photo-26c28fde0d.png,no
268797,justccell-image-268797.png,"Justccell Public Uploads Images 20231204 75487eea07738002d4d7cc1f06115ffc",,justccell-photo-87ee725803.png,https://justccell.com/wp-content/uploads/2026/08/justccell-photo-87ee725803.png,no
268798,justccell-image-268798.png,"Justccell Public Uploads Images 20231204 B469c621ed219c161a389a7c7b899e1f",,justccell-photo-075a6f407f.png,https://justccell.com/wp-content/uploads/2026/08/justccell-photo-075a6f407f.png,no
268799,justccell-image-268799.png,"Justccell Public Uploads Images 20231204 3ea520330853d3aabb670c0ddce0c204",,justccell-photo-496f5e753e.png,https://justccell.com/wp-content/uploads/2026/08/justccell-photo-496f5e753e.png,no
268800,justccell-image-268800.png,"Justccell Public Uploads Images 20231204 Cde7b0c491ef1adad27ec52dd896d106",,justccell-photo-89043a8303.png,https://justccell.com/wp-content/uploads/2026/08/justccell-photo-89043a8303.png,no
268801,justccell-image-268801.png,"Justccell Public Uploads Images 20231204 11f4f47d104bd41966641bbb7f37fd7e",,justccell-photo-a348fdb193.png,https://justccell.com/wp-content/uploads/2026/08/justccell-photo-a348fdb193.png,no
268802,justccell-image-268802.png,"Justccell Public Uploads Images 20231204 4d2676718fbef19d34ef50f1d7234b62",,justccell-photo-1be636fcf5.png,https://justccell.com/wp-content/uploads/2026/08/justccell-photo-1be636fcf5.png,no
268803,justccell-image-268803.jpg,"Justccell Public Uploads Images 20231205 49cc3fc1a5f2a5f058eff55012f2c694",,justccell-photo-4e7e6d114b.jpg,https://justccell.com/wp-content/uploads/2026/08/justccell-photo-4e7e6d114b.jpg,no
268804,justccell-image-268804.jpg,"Justccell Public Uploads Images 20231205 8bbc140a97af4ad111b2e001869d283c",,justccell-photo-d2cff1775a.jpg,https://justccell.com/wp-content/uploads/2026/08/justccell-photo-d2cff1775a.jpg,no
268805,justccell-image-268805.jpg,"Justccell Public Uploads Images 20231205 5cefac47b2044c9767270bf156c2f91a",,justccell-photo-14eeda775c.jpg,https://justccell.com/wp-content/uploads/2026/08/justccell-photo-14eeda775c.jpg,no
268806,justccell-image-268806.jpg,"Justccell Public Uploads Images 20231205 98ae357a0df8e1acab037600f8298a5c",,justccell-photo-94bb819149.jpg,https://justccell.com/wp-content/uploads/2026/08/justccell-photo-94bb819149.jpg,no
268807,justccell-image-268807.jpg,"Justccell Public Uploads Images 20231205 Bd361f34ee828fbcc4d42b6946d6b58a",,justccell-photo-0060a09e3b.jpg,https://justccell.com/wp-content/uploads/2026/08/justccell-photo-0060a09e3b.jpg,no
268808,justccell-image-268808.jpg,"Justccell Public Uploads Images 20231205 E5bc2256573d2f0b4e0cb7e5ae69a8fe",,justccell-photo-bb952dda8a.jpg,https://justccell.com/wp-content/uploads/2026/08/justccell-photo-bb952dda8a.jpg,no
268809,justccell-image-268809.jpg,"Justccell Public Uploads Images 20231205 Efe2742d020bbfea94f8f84db847a243",,justccell-photo-84a9429cf5.jpg,https://justccell.com/wp-content/uploads/2026/08/justccell-photo-84a9429cf5.jpg,no
268810,justccell-image-268810.jpg,"Justccell Public Uploads Images 20231205 B1833c255fbba25f6e2923083643e0e8",,justccell-photo-74cdc42e53.jpg,https://justccell.com/wp-content/uploads/2026/08/justccell-photo-74cdc42e53.jpg,no
268811,justccell-image-268811.jpg,"Justccell Public Uploads Images 20230706 51bc336205f027f3fd2405c50f016732",,justccell-photo-e0e9d10cb5-scaled.jpg,https://justccell.com/wp-content/uploads/2026/08/justccell-photo-e0e9d10cb5-scaled.jpg,no
268812,justccell-image-268812.png,"Justccell Public Uploads Images 20240701 0e24e3af95a24bc75b0d6e9a2ae35682",,justccell-photo-7838230b7d.png,https://justccell.com/wp-content/uploads/2026/08/justccell-photo-7838230b7d.png,no
268813,justccell-image-268813.png,"Justccell Public Uploads Images 20240701 E2fbec7aa3dd30cb1d79df63d8438432",,justccell-photo-2ce84383fa.png,https://justccell.com/wp-content/uploads/2026/08/justccell-photo-2ce84383fa.png,no
268814,justccell-image-268814.png,"Justccell Public Uploads Images 20230817 9d65e52c396f5a262edb3c2714f11751",,justccell-photo-fe4a66ccf3.png,https://justccell.com/wp-content/uploads/2026/08/justccell-photo-fe4a66ccf3.png,no
268815,justccell-image-268815.png,"Justccell Public Uploads Images 20230817 E8df67d9d1f105ac003648ebf63741e2",,justccell-photo-c0d08da4a6.png,https://justccell.com/wp-content/uploads/2026/08/justccell-photo-c0d08da4a6.png,no
268816,justccell-image-268816.png,"Justccell Public Uploads Images 20230817 464747166d3079e75950ff180dbebbb4",,justccell-photo-fb284a3dce.png,https://justccell.com/wp-content/uploads/2026/08/justccell-photo-fb284a3dce.png,no
268817,justccell-image-268817.png,"Justccell Public Uploads Images 20230817 66d684615c67e71ed63a77a057672637",,justccell-photo-6579484fad.png,https://justccell.com/wp-content/uploads/2026/08/justccell-photo-6579484fad.png,no
268818,justccell-image-268818.png,"Justccell Public Uploads Images 20230817 Ff309d575e955e8067791c1f515bca5b",,justccell-photo-5d71dcc3fc.png,https://justccell.com/wp-content/uploads/2026/08/justccell-photo-5d71dcc3fc.png,no
268819,justccell-image-268819.png,"Justccell Public Uploads Images 20230817 3c31021d48c521b17d564a8a03a4785e",,justccell-photo-5c66bd84f5.png,https://justccell.com/wp-content/uploads/2026/08/justccell-photo-5c66bd84f5.png,no
268820,justccell-image-268820.jpg,"Justccell Public Uploads Images 20230821 F15669b586f22ef253d75ab3dc200cf3",,justccell-photo-16fa9a71fc.jpg,https://justccell.com/wp-content/uploads/2026/08/justccell-photo-16fa9a71fc.jpg,no
268821,justccell-image-268821.jpg,"Justccell Public Uploads Images 20230821 Fa28e1a1bc2b604045155ceb5735b960",,justccell-photo-0978aa5164.jpg,https://justccell.com/wp-content/uploads/2026/08/justccell-photo-0978aa5164.jpg,no
268822,justccell-image-268822.jpg,"Justccell Public Uploads Images 20230821 F9dfcd8f43ae3dd130df95c4c4ec6f10",,justccell-photo-ad15c67dad.jpg,https://justccell.com/wp-content/uploads/2026/08/justccell-photo-ad15c67dad.jpg,no
268823,justccell-image-268823.jpg,"Justccell Public Uploads Images 20230817 9732019376a6451a0ff2f02bcce115c1",,justccell-photo-ae4f94ae0a.jpg,https://justccell.com/wp-content/uploads/2026/08/justccell-photo-ae4f94ae0a.jpg,no
268824,justccell-image-268824.jpg,"Justccell Public Uploads Images 20230817 E2301c170115b9ff3f99912b95e617a1",,justccell-photo-4ab2015a3e.jpg,https://justccell.com/wp-content/uploads/2026/08/justccell-photo-4ab2015a3e.jpg,no
268825,justccell-image-268825.jpg,"Justccell Public Uploads Images 20230817 88a726677043b4e47ff06ca8d2d429ff",,justccell-photo-f17ea140c2.jpg,https://justccell.com/wp-content/uploads/2026/08/justccell-photo-f17ea140c2.jpg,no
268826,justccell-image-268826.jpg,"Justccell Public Uploads Images 20230817 729d832a2c77e54c34dbf92810fd4f37",,justccell-photo-1ac643e317.jpg,https://justccell.com/wp-content/uploads/2026/08/justccell-photo-1ac643e317.jpg,no
268827,justccell-image-268827.png,"Justccell Public Uploads Images 20230811 Fc9a8d07bb1a6f0bc9acbf924818f6e0",,justccell-photo-e23d74ac0d.png,https://justccell.com/wp-content/uploads/2026/08/justccell-photo-e23d74ac0d.png,no
268828,justccell-image-268828.png,"Justccell Public Uploads Images 20230811 57f3bf898e1571584c07685c65d04474",,justccell-photo-bc20323e3c.png,https://justccell.com/wp-content/uploads/2026/08/justccell-photo-bc20323e3c.png,no
268829,justccell-image-268829.png,"Justccell Public Uploads Images 20240701 A35af5eaea59d989f15a5fab2b2d9929",,justccell-photo-e9e4aa17e7.png,https://justccell.com/wp-content/uploads/2026/08/justccell-photo-e9e4aa17e7.png,no
268830,justccell-image-268830.png,"Justccell Public Uploads Images 20240701 9988c5a19d5cb6c019c1a88430416c91",,justccell-photo-87028696fe.png,https://justccell.com/wp-content/uploads/2026/08/justccell-photo-87028696fe.png,no
268831,justccell-image-268831.png,"Justccell Public Uploads Images 20230811 35f7d63bd5066e6c7e1361f319484e06",,justccell-photo-fc88e2bf68.png,https://justccell.com/wp-content/uploads/2026/08/justccell-photo-fc88e2bf68.png,no
268832,justccell-image-268832.png,"Justccell Public Uploads Images 20221123 5851ab3b7d0597ed8b719e2a896a627d",,justccell-photo-334e84debe.png,https://justccell.com/wp-content/uploads/2026/08/justccell-photo-334e84debe.png,no
268833,justccell-image-268833.png,"Justccell Public Uploads Images 20230811 4ce6ea242dab256e2ccf21582659db16",,justccell-photo-eb72e2963e.png,https://justccell.com/wp-content/uploads/2026/08/justccell-photo-eb72e2963e.png,no
268834,justccell-image-268834.png,"Justccell Public Uploads Images 20230811 B7eb2bf7cfe8ff1f456d2a144466d5c5",,justccell-photo-a46f73a7f0.png,https://justccell.com/wp-content/uploads/2026/08/justccell-photo-a46f73a7f0.png,no
268835,justccell-image-268835.png,"Justccell Public Uploads Images 20230811 D134e0d730ee3dd3369b8d62d762ea6b",,justccell-photo-20d7fbc44d.png,https://justccell.com/wp-content/uploads/2026/08/justccell-photo-20d7fbc44d.png,no
268836,justccell-image-268836.png,"Justccell Public Uploads Images 20230811 13047e602eb8407a57912b31e20e3ad9",,justccell-photo-3f161a2e7b.png,https://justccell.com/wp-content/uploads/2026/08/justccell-photo-3f161a2e7b.png,no
268837,justccell-image-268837.jpg,"Justccell Public Uploads Images 20230524 9be5a700d6aa9d7086a02186f682943c",,justccell-photo-27cfcd2fa9.jpg,https://justccell.com/wp-content/uploads/2026/08/justccell-photo-27cfcd2fa9.jpg,no
268838,justccell-image-268838.jpg,"Justccell Public Uploads Images 20230524 8c22632588085482fbe09ee880c779e9",,justccell-photo-e420e025d9.jpg,https://justccell.com/wp-content/uploads/2026/08/justccell-photo-e420e025d9.jpg,no
268839,justccell-image-268839.jpg,"Justccell Public Uploads Images 20230524 D7fae0928f2efc2f4bd49f3874fee2d6",,justccell-photo-1360d8d1f6.jpg,https://justccell.com/wp-content/uploads/2026/08/justccell-photo-1360d8d1f6.jpg,no
268840,justccell-image-268840.jpg,"Justccell Public Uploads Images 20230811 678d3f1388ee06c48c2eb08fd88a6646",,justccell-photo-76183fd5f1.jpg,https://justccell.com/wp-content/uploads/2026/08/justccell-photo-76183fd5f1.jpg,no
268841,justccell-image-268841.jpg,"Justccell Public Uploads Images 20230811 2f4f820d81d07d18e4429f6738e9e31a",,justccell-photo-78d4281711.jpg,https://justccell.com/wp-content/uploads/2026/08/justccell-photo-78d4281711.jpg,no
268842,justccell-image-268842.jpg,"Justccell Public Uploads Images 20230811 420b92433abe6f074a1da89a74e8e79b",,justccell-photo-727ae18d22.jpg,https://justccell.com/wp-content/uploads/2026/08/justccell-photo-727ae18d22.jpg,no
268843,justccell-image-268843.jpg,"Justccell Public Uploads Images 20230811 E3a8f7da5cf794a1d5c79d562a337d6c",,justccell-photo-a19e3f0da8.jpg,https://justccell.com/wp-content/uploads/2026/08/justccell-photo-a19e3f0da8.jpg,no
268844,justccell-image-268844.png,"Justccell Public Uploads Images 20240227 B797e30b253f9cd2001685026807a073",,justccell-photo-acf8522170.png,https://justccell.com/wp-content/uploads/2026/08/justccell-photo-acf8522170.png,no
268845,justccell-image-268845.png,"Justccell Public Uploads Images 20240227 E72660cd1d8b1e03ac5396796cc5c25e",,justccell-photo-bfaed6253c.png,https://justccell.com/wp-content/uploads/2026/08/justccell-photo-bfaed6253c.png,no
268846,justccell-image-268846.png,"Justccell Public Uploads Images 20240227 3a9b97541d035a0e24658d2e0534a504",,justccell-photo-538fb0a950.png,https://justccell.com/wp-content/uploads/2026/08/justccell-photo-538fb0a950.png,no
268847,justccell-image-268847.png,"Justccell Public Uploads Images 20240227 Be75208464c1505460736db5618c4b5e",,justccell-photo-1f0aa4756d.png,https://justccell.com/wp-content/uploads/2026/08/justccell-photo-1f0aa4756d.png,no
268848,justccell-image-268848.png,"Justccell Public Uploads Images 20240227 Dd12635af97cf162ec09ca160cf8828a",,justccell-photo-06266cd1cd.png,https://justccell.com/wp-content/uploads/2026/08/justccell-photo-06266cd1cd.png,no
268849,justccell-image-268849.png,"Justccell Public Uploads Images 20220314 1897beac73e5ba1c5d5cb8d001fc7efc",,justccell-photo-abc14f6365.png,https://justccell.com/wp-content/uploads/2026/08/justccell-photo-abc14f6365.png,no
268850,justccell-image-268850.png,"Justccell Public Uploads Images 20221024 66f0729947896609dd0eeca9707a6455",,justccell-photo-5ee14b1d52.png,https://justccell.com/wp-content/uploads/2026/08/justccell-photo-5ee14b1d52.png,no
268851,justccell-image-268851.png,"Justccell Public Uploads Images 20220314 7746a962a429ca773de240e8c52632b8",,justccell-photo-b0e5d01f60.png,https://justccell.com/wp-content/uploads/2026/08/justccell-photo-b0e5d01f60.png,no
268852,justccell-image-268852.jpg,"Justccell Public Uploads Images 20230524 Afea96348f4838e08087336e2f5c7ba6",,justccell-photo-5e3a93ecc3.jpg,https://justccell.com/wp-content/uploads/2026/08/justccell-photo-5e3a93ecc3.jpg,no
268853,justccell-image-268853.jpg,"Justccell Public Uploads Images 20230524 8c7597fbc038da5d9570b148b0fad0a3",,justccell-photo-efe08eac48.jpg,https://justccell.com/wp-content/uploads/2026/08/justccell-photo-efe08eac48.jpg,no
268854,justccell-image-268854.jpg,"Justccell Public Uploads Images 20230524 5caf8a2016cf2fa6bdd4fd4f8a999b22",,justccell-photo-4afb5e196d.jpg,https://justccell.com/wp-content/uploads/2026/08/justccell-photo-4afb5e196d.jpg,no
268855,justccell-image-268855.jpg,"Justccell Public Uploads Images 20221024 A38e35445e841ea0dcc892c23af2d8ed",,justccell-photo-67a600f2b4.jpg,https://justccell.com/wp-content/uploads/2026/08/justccell-photo-67a600f2b4.jpg,no
268856,justccell-image-268856.jpg,"Justccell Public Uploads Images 20221024 7022443cc5085fff54433cce1d796ea7",,justccell-photo-c09c8f665e.jpg,https://justccell.com/wp-content/uploads/2026/08/justccell-photo-c09c8f665e.jpg,no
268857,justccell-image-268857.jpg,"Justccell Public Uploads Images 20221024 Fde07939492aa26788147966bcf4484f",,justccell-photo-55fd6a79cf.jpg,https://justccell.com/wp-content/uploads/2026/08/justccell-photo-55fd6a79cf.jpg,no
268858,justccell-image-268858.jpg,"Justccell Public Uploads Images 20221024 54452663b84dbf6d14cd99a960b6aa98",,justccell-photo-bf140e3566.jpg,https://justccell.com/wp-content/uploads/2026/08/justccell-photo-bf140e3566.jpg,no
270287,justccell-image-270287.png,"Justccell Public Uploads Images 20240428 52e5807b86aa5ab345365c9821eb1394",,justccell-photo-013c42ae66.png,https://justccell.com/wp-content/uploads/2026/08/justccell-photo-013c42ae66.png,no
270288,justccell-image-270288.png,"Justccell Public Uploads Images 20240428 B6ea4153adb25dfbfaf7c291a427ad56",,justccell-photo-1aea9ddc95.png,https://justccell.com/wp-content/uploads/2026/08/justccell-photo-1aea9ddc95.png,no
270289,justccell-image-270289.png,"Justccell Public Uploads Images 20240428 D56de7ae8c1a7cc2dabc340eb01a0616",,justccell-photo-1eb7491378.png,https://justccell.com/wp-content/uploads/2026/08/justccell-photo-1eb7491378.png,no
270290,justccell-image-270290.png,"Justccell Public Uploads Images 20240428 6a664f23334dbaf3d9f9d2db07e49c67",,justccell-photo-3f28517e9e.png,https://justccell.com/wp-content/uploads/2026/08/justccell-photo-3f28517e9e.png,no
270291,justccell-image-270291.png,"Justccell Public Uploads Images 20240428 98c2d1b3e85fd7b8f9d31b9c25529cc6",,justccell-photo-b9da06dd20.png,https://justccell.com/wp-content/uploads/2026/08/justccell-photo-b9da06dd20.png,no
270292,justccell-image-270292.png,"Justccell Public Uploads Images 20240515 0c1371fed9fc884a76f4e6f975280122",,justccell-photo-c310014281.png,https://justccell.com/wp-content/uploads/2026/08/justccell-photo-c310014281.png,no
270293,justccell-image-270293.png,"Justccell Public Uploads Images 20240515 B110eca2b17cc4d3cb9bede3134caa05",,justccell-photo-ce8b3af2ee.png,https://justccell.com/wp-content/uploads/2026/08/justccell-photo-ce8b3af2ee.png,no
270294,justccell-image-270294.png,"Justccell Public Uploads Images 20240515 18c5a680d8ec42fa4ac46db1282a0671",,justccell-photo-a8d855f12b.png,https://justccell.com/wp-content/uploads/2026/08/justccell-photo-a8d855f12b.png,no
270295,justccell-image-270295.jpg,"Justccell Public Uploads Images 20240428 3282f0ad7e4b0818b9ec746a96b8f9b8",,justccell-photo-c064e9886a.jpg,https://justccell.com/wp-content/uploads/2026/08/justccell-photo-c064e9886a.jpg,no
270296,justccell-image-270296.jpg,"Justccell Public Uploads Images 20240428 732b1a54d9acd40bb911516a0480e1e1",,justccell-photo-44e3342419.jpg,https://justccell.com/wp-content/uploads/2026/08/justccell-photo-44e3342419.jpg,no
270297,justccell-image-270297.jpg,"Justccell Public Uploads Images 20240428 E543385dc5f49cc918130530a2fb6095",,justccell-photo-0a0d7b67e0.jpg,https://justccell.com/wp-content/uploads/2026/08/justccell-photo-0a0d7b67e0.jpg,no
270298,justccell-image-270298.jpg,"Justccell Public Uploads Images 20240428 C3758d4016980b3a00d201ada5c079b1",,justccell-photo-84263286c6.jpg,https://justccell.com/wp-content/uploads/2026/08/justccell-photo-84263286c6.jpg,no
270299,justccell-image-270299.png,"Justccell Public Uploads Images 20231212 Db1d7d6bc716f10014b53f8ff61c7259",,justccell-photo-d046f544ff.png,https://justccell.com/wp-content/uploads/2026/08/justccell-photo-d046f544ff.png,no
270300,justccell-image-270300.png,"Justccell Public Uploads Images 20231212 E6ca5d8474b96e202ebfd94d3f2a3d4c",,justccell-photo-c116a06224.png,https://justccell.com/wp-content/uploads/2026/08/justccell-photo-c116a06224.png,no
270301,justccell-image-270301.png,"Justccell Public Uploads Images 20231212 2bfca73066d25faa67059b6022646097",,justccell-photo-659aea3c6b.png,https://justccell.com/wp-content/uploads/2026/08/justccell-photo-659aea3c6b.png,no
270302,justccell-image-270302.png,"Justccell Public Uploads Images 20231212 16dc07ba76cae80b4685f5b35c43f05f",,justccell-photo-bf1ef312da.png,https://justccell.com/wp-content/uploads/2026/08/justccell-photo-bf1ef312da.png,no
270303,justccell-image-270303.png,"Justccell Public Uploads Images 20231212 16aecf9dab999598bb1542e632c4041d",,justccell-photo-b95442182e.png,https://justccell.com/wp-content/uploads/2026/08/justccell-photo-b95442182e.png,no
270304,justccell-image-270304.jpg,"Justccell Public Uploads Images 20240223 D8f520d3a4d59144e831304d57abdd4e",,justccell-photo-e76f7c323a.jpg,https://justccell.com/wp-content/uploads/2026/08/justccell-photo-e76f7c323a.jpg,no
270305,justccell-image-270305.png,"Justccell Public Uploads Images 20240111 6da992bb3b4048abaa24473f355da786",,justccell-photo-97dcbd993f.png,https://justccell.com/wp-content/uploads/2026/08/justccell-photo-97dcbd993f.png,no
270306,justccell-image-270306.png,"Justccell Public Uploads Images 20240111 528ea1b27d88301b895ae3959812338a",,justccell-photo-206eebbb16.png,https://justccell.com/wp-content/uploads/2026/08/justccell-photo-206eebbb16.png,no
270307,justccell-image-270307.jpg,"Justccell Public Uploads Images 20240110 Ea163f56d9187ae14edc4be95f9c7a84",,justccell-photo-537c180817.jpg,https://justccell.com/wp-content/uploads/2026/08/justccell-photo-537c180817.jpg,no
270308,justccell-image-270308.jpg,"Justccell Public Uploads Images 20240110 A732ad3290b74dfb25f200a8f7c2b6c5",,justccell-photo-d83079eebd.jpg,https://justccell.com/wp-content/uploads/2026/08/justccell-photo-d83079eebd.jpg,no
270309,justccell-image-270309.jpg,"Justccell Public Uploads Images 20240110 Bd408a1956657633f4ab8738d566c03e",,justccell-photo-99ad036f9e.jpg,https://justccell.com/wp-content/uploads/2026/08/justccell-photo-99ad036f9e.jpg,no
270310,justccell-image-270310.png,"Justccell Public Uploads Images 20240812 1326575c98975ce41e7b7425fd06563f",,justccell-photo-d65bb3973f.png,https://justccell.com/wp-content/uploads/2026/08/justccell-photo-d65bb3973f.png,no
270311,justccell-image-270311.png,"Justccell Public Uploads Images 20240812 836a69387d0e5eb5d060b7892f831fef",,justccell-photo-ca20af12c2.png,https://justccell.com/wp-content/uploads/2026/08/justccell-photo-ca20af12c2.png,no
270312,justccell-image-270312.png,"Justccell Public Uploads Images 20240812 Bda0731d465bd8038ebf45548b039a8d",,justccell-photo-ac1238d320.png,https://justccell.com/wp-content/uploads/2026/08/justccell-photo-ac1238d320.png,no
270313,justccell-image-270313.png,"Justccell Public Uploads Images 20240812 1d1fa8c378297cadec9429782900a179",,justccell-photo-eb4dff41be.png,https://justccell.com/wp-content/uploads/2026/08/justccell-photo-eb4dff41be.png,no
270314,justccell-image-270314.png,"Justccell Public Uploads Images 20240812 Fe62ee8ee27fa9101bf8d41fd6363482",,justccell-photo-bf4a0a944f.png,https://justccell.com/wp-content/uploads/2026/08/justccell-photo-bf4a0a944f.png,no
270315,justccell-image-270315.png,"Justccell Public Uploads Images 20240812 C1bfe400917dc095d7365e3ed77b0092",,justccell-photo-c21d29c3ef.png,https://justccell.com/wp-content/uploads/2026/08/justccell-photo-c21d29c3ef.png,no
270316,justccell-image-270316.png,"Justccell Public Uploads Images 20240812 33a76dc3b6065d07314283567a05bdbb",,justccell-photo-c9c0121784.png,https://justccell.com/wp-content/uploads/2026/08/justccell-photo-c9c0121784.png,no
270317,justccell-image-270317.png,"Justccell Public Uploads Images 20240812 83302fc31b20fad4cd7f619ffa2ee124",,justccell-photo-d14c6cf2d6.png,https://justccell.com/wp-content/uploads/2026/08/justccell-photo-d14c6cf2d6.png,no
270318,justccell-image-270318.jpg,"Justccell Public Uploads Images 20240812 6658782ea1cf338c898959195a233f76",,justccell-photo-179ba3d5bf.jpg,https://justccell.com/wp-content/uploads/2026/08/justccell-photo-179ba3d5bf.jpg,no
270319,justccell-image-270319.jpg,"Justccell Public Uploads Images 20240812 B28482d50771f86d03c194ff838a2297",,justccell-photo-33f57dde89.jpg,https://justccell.com/wp-content/uploads/2026/08/justccell-photo-33f57dde89.jpg,no
270320,justccell-image-270320.jpg,"Justccell Public Uploads Images 20240812 Db0ad5e043a9f096fdb8e31817219dc8",,justccell-photo-ba221a0f26.jpg,https://justccell.com/wp-content/uploads/2026/08/justccell-photo-ba221a0f26.jpg,no
270321,justccell-image-270321.jpg,"Justccell Public Uploads Images 20240812 366cfe4c3597d910ba29ef717d6b6151",,justccell-photo-34b5e659c2.jpg,https://justccell.com/wp-content/uploads/2026/08/justccell-photo-34b5e659c2.jpg,no
270322,justccell-image-270322.jpg,"Justccell Public Uploads Images 20240812 Dcf5dda7215c14a88e6c06df0e38c6fd",,justccell-photo-ccacc133ff.jpg,https://justccell.com/wp-content/uploads/2026/08/justccell-photo-ccacc133ff.jpg,no
270323,justccell-image-270323.jpg,"Justccell Public Uploads Images 20240812 4866325fc9851c01ed9f570387882cbd",,justccell-photo-ec3c355e53.jpg,https://justccell.com/wp-content/uploads/2026/08/justccell-photo-ec3c355e53.jpg,no
270324,justccell-image-270324.jpg,"Justccell Public Uploads Images 20240812 29957fc68309e8fea0502fd54c14723a",,justccell-photo-50600cea10.jpg,https://justccell.com/wp-content/uploads/2026/08/justccell-photo-50600cea10.jpg,no
270325,justccell-image-270325.jpg,"Justccell Public Uploads Images 20240812 140178b5b4703676922151702b18c54b",,justccell-photo-7559f154e6.jpg,https://justccell.com/wp-content/uploads/2026/08/justccell-photo-7559f154e6.jpg,no
270326,justccell-image-270326.png,"Justccell Public Uploads Images 20240116 458f818d2fa014cfdb1556316c1c0303",,justccell-photo-345efece58.png,https://justccell.com/wp-content/uploads/2026/08/justccell-photo-345efece58.png,no
270327,justccell-image-270327.png,"Justccell Public Uploads Images 20240116 7183961c1825040c70f552098e26039e",,justccell-photo-8c40d2282e.png,https://justccell.com/wp-content/uploads/2026/08/justccell-photo-8c40d2282e.png,no
270328,justccell-image-270328.png,"Justccell Public Uploads Images 20240116 69af4918a940761d874a9439ceaf3331",,justccell-photo-31d057b519.png,https://justccell.com/wp-content/uploads/2026/08/justccell-photo-31d057b519.png,no
270329,justccell-image-270329.jpg,"Justccell Public Uploads Images 20240110 1acf266dd73878938bd8013e3405f8b3",,justccell-photo-fb591a0c76.jpg,https://justccell.com/wp-content/uploads/2026/08/justccell-photo-fb591a0c76.jpg,no
270330,justccell-image-270330.jpg,"Justccell Public Uploads Images 20240116 C9a80cdaaa586c57319555e0a6eec731",,justccell-photo-867eaed0bd.jpg,https://justccell.com/wp-content/uploads/2026/08/justccell-photo-867eaed0bd.jpg,no
270331,justccell-image-270331.jpg,"Justccell Public Uploads Images 20240116 98aa2103821a5e2acece44ad3bde8618",,justccell-photo-c3ae62f729.jpg,https://justccell.com/wp-content/uploads/2026/08/justccell-photo-c3ae62f729.jpg,no
270332,justccell-image-270332.jpg,"Justccell Public Uploads Images 20240116 4f625a0fde9b746bbf85fa2b42aa529b",,justccell-photo-ac07bd2953.jpg,https://justccell.com/wp-content/uploads/2026/08/justccell-photo-ac07bd2953.jpg,no
270333,justccell-image-270333.jpg,"Justccell Public Uploads Images 20240116 18a23c451be86829f50b321dee128bf2",,justccell-photo-331fa4c083.jpg,https://justccell.com/wp-content/uploads/2026/08/justccell-photo-331fa4c083.jpg,no
270334,justccell-image-270334.jpg,"Justccell Public Uploads Images 20240116 04c65d19079fb27cc2eb0378f60c3d7e",,justccell-photo-7bb8bc98fa.jpg,https://justccell.com/wp-content/uploads/2026/08/justccell-photo-7bb8bc98fa.jpg,no
270335,justccell-image-270335.png,"Justccell Public Uploads Images 20240110 0ff013676d781938c3874ffc6557c5b3",,justccell-photo-2325711cde.png,https://justccell.com/wp-content/uploads/2026/08/justccell-photo-2325711cde.png,no
270336,justccell-image-270336.png,"Justccell Public Uploads Images 20240110 8e183dccf0bde1042932a8f817ba96b3",,justccell-photo-e5c90b8e4a.png,https://justccell.com/wp-content/uploads/2026/08/justccell-photo-e5c90b8e4a.png,no
270337,justccell-image-270337.png,"Justccell Public Uploads Images 20240110 328c416fa0f3cfa05ade96891fd4b7e0",,justccell-photo-e415456979.png,https://justccell.com/wp-content/uploads/2026/08/justccell-photo-e415456979.png,no
270338,justccell-image-270338.png,"Justccell Public Uploads Images 20240110 Be4968c1876c455385606182a77569cf",,justccell-photo-83abade4f6.png,https://justccell.com/wp-content/uploads/2026/08/justccell-photo-83abade4f6.png,no
270339,justccell-image-270339.png,"Justccell Public Uploads Images 20240110 Dcf46fdc2af1c8d056357a52fb2db656",,justccell-photo-b21a1e686c.png,https://justccell.com/wp-content/uploads/2026/08/justccell-photo-b21a1e686c.png,no
270340,justccell-image-270340.png,"Justccell Public Uploads Images 20240110 Ae18131a4246b5c970bfd83151e1bcd6",,justccell-photo-196a419e48.png,https://justccell.com/wp-content/uploads/2026/08/justccell-photo-196a419e48.png,no
270341,justccell-image-270341.png,"Justccell Public Uploads Images 20240110 C794ec91c25c78225c483ef6b23c1222",,justccell-photo-3115e93e92.png,https://justccell.com/wp-content/uploads/2026/08/justccell-photo-3115e93e92.png,no
270342,justccell-image-270342.png,"Justccell Public Uploads Images 20240110 98ade92c5f600b5028cac62338b936ed",,justccell-photo-7932d79311.png,https://justccell.com/wp-content/uploads/2026/08/justccell-photo-7932d79311.png,no
270343,justccell-image-270343.jpg,"Justccell Public Uploads Images 20240110 E9a0ac98feb87ef41802555c7f944d78",,justccell-photo-e803ebc4cb.jpg,https://justccell.com/wp-content/uploads/2026/08/justccell-photo-e803ebc4cb.jpg,no
270344,justccell-image-270344.jpg,"Justccell Public Uploads Images 20240110 C71f83522c5888f84271856047dc4582",,justccell-photo-c7e7e9df90.jpg,https://justccell.com/wp-content/uploads/2026/08/justccell-photo-c7e7e9df90.jpg,no
270345,justccell-image-270345.png,"Justccell Public Uploads Images 20240412 65c8344b194fe9a6211f143a0bb9baed",,justccell-photo-a1dadfac80.png,https://justccell.com/wp-content/uploads/2026/08/justccell-photo-a1dadfac80.png,no
270346,justccell-image-270346.png,"Justccell Public Uploads Images 20240412 78b6621a2f802f2409d9558e0b0e8386",,justccell-photo-610dc11686.png,https://justccell.com/wp-content/uploads/2026/08/justccell-photo-610dc11686.png,no
270347,justccell-image-270347.png,"Justccell Public Uploads Images 20240412 F40cf1e74b40d5e2e8655a874ef8e779",,justccell-photo-128f600bde.png,https://justccell.com/wp-content/uploads/2026/08/justccell-photo-128f600bde.png,no
270348,justccell-image-270348.png,"Justccell Public Uploads Images 20240813 45b5ab88bd402d78f779dfd4d5ad7798",,justccell-photo-72e6f71f72.png,https://justccell.com/wp-content/uploads/2026/08/justccell-photo-72e6f71f72.png,no
270349,justccell-image-270349.png,"Justccell Public Uploads Images 20240813 20049f0687cd0a1a534a5fe74259fe58",,justccell-photo-2c713c9ccd.png,https://justccell.com/wp-content/uploads/2026/08/justccell-photo-2c713c9ccd.png,no
270350,justccell-image-270350.png,"Justccell Public Uploads Images 20240813 51df810e8543941b778e084450fa4657",,justccell-photo-c112ce1657.png,https://justccell.com/wp-content/uploads/2026/08/justccell-photo-c112ce1657.png,no
270351,justccell-image-270351.png,"Justccell Public Uploads Images 20240813 8820145877f4f55951e7e575ed4fd06b",,justccell-photo-42281b65ed.png,https://justccell.com/wp-content/uploads/2026/08/justccell-photo-42281b65ed.png,no
270352,justccell-image-270352.png,"Justccell Public Uploads Images 20240412 Fb4dfd3292f102521fe8ccabc2e45217",,justccell-photo-e2a8aa85b3.png,https://justccell.com/wp-content/uploads/2026/08/justccell-photo-e2a8aa85b3.png,no
270353,justccell-image-270353.jpg,"Justccell Public Uploads Images 20240813 78032ade03f9a9717fce9eef23fa3524",,justccell-photo-7e083eb710.jpg,https://justccell.com/wp-content/uploads/2026/08/justccell-photo-7e083eb710.jpg,no
270354,justccell-image-270354.jpg,"Justccell Public Uploads Images 20240813 52e891aa2fe8d17c3ea16075f82a7daf",,justccell-photo-1d6ae80c10.jpg,https://justccell.com/wp-content/uploads/2026/08/justccell-photo-1d6ae80c10.jpg,no
270355,justccell-image-270355.jpg,"Justccell Public Uploads Images 20240813 B0b940b9684c36b6695e646cfe741f8b",,justccell-photo-9eb27b24d0.jpg,https://justccell.com/wp-content/uploads/2026/08/justccell-photo-9eb27b24d0.jpg,no
270356,justccell-image-270356.jpg,"Justccell Public Uploads Images 20240415 9d3d604757d248beb8619b39fb80df1b",,justccell-photo-079a436e6b.jpg,https://justccell.com/wp-content/uploads/2026/08/justccell-photo-079a436e6b.jpg,no
270357,justccell-image-270357.jpg,"Justccell Public Uploads Images 20240422 8343968a2cbbf201c2fce12402f414c2",,justccell-photo-e3894c91e1.jpg,https://justccell.com/wp-content/uploads/2026/08/justccell-photo-e3894c91e1.jpg,no
270358,justccell-image-270358.jpg,"Justccell Public Uploads Images 20240412 07c3ab6853ec94b7509df4ced5ab8a49",,justccell-photo-2e7c4db0c0.jpg,https://justccell.com/wp-content/uploads/2026/08/justccell-photo-2e7c4db0c0.jpg,no
270359,justccell-image-270359.jpg,"Justccell Public Uploads Images 20240412 8d782cdc6bf2e8d4db011bfcab9f3a07",,justccell-photo-9883c1668e.jpg,https://justccell.com/wp-content/uploads/2026/08/justccell-photo-9883c1668e.jpg,no
270360,justccell-image-270360.jpg,"Justccell Public Uploads Images 20240416 299f6d16f45af563fead2fccf0a2369f",,justccell-photo-172aa16d07.jpg,https://justccell.com/wp-content/uploads/2026/08/justccell-photo-172aa16d07.jpg,no
270361,justccell-image-270361.png,"Justccell Public Uploads Images 20240411 1f7a89928323b5f23b7bcf69e6c83173",,justccell-photo-c1040567cf.png,https://justccell.com/wp-content/uploads/2026/08/justccell-photo-c1040567cf.png,no
270362,justccell-image-270362.png,"Justccell Public Uploads Images 20240411 2dc46cf6d7550d09dddf979e4583935b",,justccell-photo-7f042668fb.png,https://justccell.com/wp-content/uploads/2026/08/justccell-photo-7f042668fb.png,no
270363,justccell-image-270363.png,"Justccell Public Uploads Images 20240411 B4484ebfe7a1593da4cc326ae56c2583",,justccell-photo-01cd1e7001.png,https://justccell.com/wp-content/uploads/2026/08/justccell-photo-01cd1e7001.png,no
270364,justccell-image-270364.png,"Justccell Public Uploads Images 20240411 A75156096986b54f3f79eb570ce47428",,justccell-photo-0a0f5f40e3.png,https://justccell.com/wp-content/uploads/2026/08/justccell-photo-0a0f5f40e3.png,no
270365,justccell-image-270365.png,"Justccell Public Uploads Images 20240411 0e4afa56a1f0498ba58cff56878c5042",,justccell-photo-4310a757e8.png,https://justccell.com/wp-content/uploads/2026/08/justccell-photo-4310a757e8.png,no
270366,justccell-image-270366.png,"Justccell Public Uploads Images 20240411 8d882ad1acb88669b1093ca9f9240bb4",,justccell-photo-a6706f9d84.png,https://justccell.com/wp-content/uploads/2026/08/justccell-photo-a6706f9d84.png,no
270367,justccell-image-270367.png,"Justccell Public Uploads Images 20240411 A7a32e6e2a4f5946a5d4ef4f3eb1234d",,justccell-photo-9fd5625cf3.png,https://justccell.com/wp-content/uploads/2026/08/justccell-photo-9fd5625cf3.png,no
270368,justccell-image-270368.png,"Justccell Public Uploads Images 20240411 40be3dd0e630fcc19980b55e2f4482ca",,justccell-photo-2603ac634b.png,https://justccell.com/wp-content/uploads/2026/08/justccell-photo-2603ac634b.png,no
270369,justccell-image-270369.jpg,"Justccell Public Uploads Images 20240411 2d371604edbed40ea14806ca34db811b",,justccell-photo-aaebe94a11.jpg,https://justccell.com/wp-content/uploads/2026/08/justccell-photo-aaebe94a11.jpg,no
270370,justccell-image-270370.jpg,"Justccell Public Uploads Images 20240411 92faf206b05594a33f8ccc91754b3582",,justccell-photo-7209502227.jpg,https://justccell.com/wp-content/uploads/2026/08/justccell-photo-7209502227.jpg,no
270371,justccell-image-270371.jpg,"Justccell Public Uploads Images 20240411 2604a80f7de756ec20b5cff46a5b6d30",,justccell-photo-f10df145ff.jpg,https://justccell.com/wp-content/uploads/2026/08/justccell-photo-f10df145ff.jpg,no
270372,justccell-image-270372.jpg,"Justccell Public Uploads Images 20240411 6c8b650d40fe9df7e3250241120b2430",,justccell-photo-92eea6368b.jpg,https://justccell.com/wp-content/uploads/2026/08/justccell-photo-92eea6368b.jpg,no
270373,justccell-image-270373.jpg,"Justccell Public Uploads Images 20240411 A2c7a34cf26c54ff1d4691faf80a940c",,justccell-photo-7c12f7de83.jpg,https://justccell.com/wp-content/uploads/2026/08/justccell-photo-7c12f7de83.jpg,no
270374,justccell-image-270374.jpg,"Justccell Public Uploads Images 20240411 6b9145a2ecbd7f7d896c5799581d5a0b",,justccell-photo-01ef87dcf0.jpg,https://justccell.com/wp-content/uploads/2026/08/justccell-photo-01ef87dcf0.jpg,no
270375,justccell-image-270375.jpg,"Justccell Public Uploads Images 20240411 C9e993cfc4dcd04a22a1f8f689758145",,justccell-photo-4688f3793f.jpg,https://justccell.com/wp-content/uploads/2026/08/justccell-photo-4688f3793f.jpg,no
270376,justccell-image-270376.jpg,"Justccell Public Uploads Images 20240416 C82d98e30656fd3dbd2c1046973bec52",,justccell-photo-4c5eb55cd4.jpg,https://justccell.com/wp-content/uploads/2026/08/justccell-photo-4c5eb55cd4.jpg,no
270377,justccell-image-270377.png,"Justccell Public Uploads Images 20240110 Db1903173bd2b5cae825ca40a7984236",,justccell-photo-cbc8329e5a.png,https://justccell.com/wp-content/uploads/2026/08/justccell-photo-cbc8329e5a.png,no
270378,justccell-image-270378.png,"Justccell Public Uploads Images 20240110 Cba81ad6b86b1cc967b4f8a3d7002050",,justccell-photo-3fadfe1226.png,https://justccell.com/wp-content/uploads/2026/08/justccell-photo-3fadfe1226.png,no
270379,justccell-image-270379.png,"Justccell Public Uploads Images 20240110 2e07c85b4fda172d4ff0b5a5ce369ca0",,justccell-photo-12fcfb2625.png,https://justccell.com/wp-content/uploads/2026/08/justccell-photo-12fcfb2625.png,no
270380,justccell-image-270380.png,"Justccell Public Uploads Images 20240110 Ccb041f02dcb33df5cb7bfc1df52b251",,justccell-photo-d4a189aee6.png,https://justccell.com/wp-content/uploads/2026/08/justccell-photo-d4a189aee6.png,no
270381,justccell-image-270381.png,"Justccell Public Uploads Images 20240110 4fbaae344e1a6ba1c4f2cbc43ec8eca5",,justccell-photo-a5007446f1.png,https://justccell.com/wp-content/uploads/2026/08/justccell-photo-a5007446f1.png,no
270382,justccell-image-270382.jpg,"Justccell Public Uploads Images 20240110 C7e80664a65d7022bb95cd1dff8db477",,justccell-photo-5c849439b2.jpg,https://justccell.com/wp-content/uploads/2026/08/justccell-photo-5c849439b2.jpg,no
270383,justccell-image-270383.png,"Justccell Public Uploads Images 20240110 0f9053b4e56e5717669c7c123362b4e8",,justccell-photo-c3c882c675.png,https://justccell.com/wp-content/uploads/2026/08/justccell-photo-c3c882c675.png,no
270384,justccell-image-270384.jpg,"Justccell Public Uploads Images 20240110 D81043155f76c00dfbb4effdc3a6461e",,justccell-photo-db908d7bf6.jpg,https://justccell.com/wp-content/uploads/2026/08/justccell-photo-db908d7bf6.jpg,no
270385,justccell-image-270385.jpg,"Justccell Public Uploads Images 20240110 Dd359d5698b23c79f2b5c6b9b80d7b77",,justccell-photo-4e1f920642.jpg,https://justccell.com/wp-content/uploads/2026/08/justccell-photo-4e1f920642.jpg,no
270386,justccell-image-270386.jpg,"Justccell Public Uploads Images 20240110 A16a15a648223bd40866269aa0d47175",,justccell-photo-8cadf83e56.jpg,https://justccell.com/wp-content/uploads/2026/08/justccell-photo-8cadf83e56.jpg,no
270387,justccell-image-270387.jpg,"Justccell Public Uploads Images 20240110 0eb5ef75a17c0e9f2610f634860f88f7",,justccell-photo-1b29b9a7f9.jpg,https://justccell.com/wp-content/uploads/2026/08/justccell-photo-1b29b9a7f9.jpg,no
270388,justccell-image-270388.jpg,"Justccell Public Uploads Images 20240110 19a63a29cad747010883a37ff01cdf8b",,justccell-photo-ff06cf4faf.jpg,https://justccell.com/wp-content/uploads/2026/08/justccell-photo-ff06cf4faf.jpg,no
270389,justccell-image-270389.jpg,"Justccell Public Uploads Images 20240110 2366660c300bef5dc64f5071a7626b71",,justccell-photo-186d6879aa.jpg,https://justccell.com/wp-content/uploads/2026/08/justccell-photo-186d6879aa.jpg,no
270390,justccell-image-270390.png,"Justccell Public Uploads Images 20240724 995cb2be6a650ef1da5a7278eca047aa",,justccell-photo-3029fadc8e.png,https://justccell.com/wp-content/uploads/2026/08/justccell-photo-3029fadc8e.png,no
270391,justccell-image-270391.png,"Justccell Public Uploads Images 20240724 D29d9e8d0f02a52a1a5ba9ccca96df17",,justccell-photo-9a798bb949.png,https://justccell.com/wp-content/uploads/2026/08/justccell-photo-9a798bb949.png,no
270392,justccell-image-270392.png,"Justccell Public Uploads Images 20240724 8f00887582a249b7adbfdcb8eab722b2",,justccell-photo-748d7dfefd.png,https://justccell.com/wp-content/uploads/2026/08/justccell-photo-748d7dfefd.png,no
270393,justccell-image-270393.png,"Justccell Public Uploads Images 20240724 1ff4dddb77dabf39950ba886cc43ed3b",,justccell-photo-b96dd1e6c0.png,https://justccell.com/wp-content/uploads/2026/08/justccell-photo-b96dd1e6c0.png,no
270394,justccell-image-270394.png,"Justccell Public Uploads Images 20240724 E1532926c1f34f4cc2c30f2238e40a00",,justccell-photo-f70b17984c.png,https://justccell.com/wp-content/uploads/2026/08/justccell-photo-f70b17984c.png,no
270395,justccell-image-270395.jpg,"Justccell Public Uploads Images 20240724 F7394dce695e36f5334cbb86b7fb2ae6",,justccell-photo-1f5936e4fc.jpg,https://justccell.com/wp-content/uploads/2026/08/justccell-photo-1f5936e4fc.jpg,no
270396,justccell-image-270396.jpg,"Justccell Public Uploads Images 20240724 Be0943f366158ea3718fd4349b25c096",,justccell-photo-14e823cb62.jpg,https://justccell.com/wp-content/uploads/2026/08/justccell-photo-14e823cb62.jpg,no
270397,justccell-image-270397.jpg,"Justccell Public Uploads Images 20240724 Cb44f024d8c3f08ee746aa6c18a2fc42",,justccell-photo-e50161e656.jpg,https://justccell.com/wp-content/uploads/2026/08/justccell-photo-e50161e656.jpg,no
270398,justccell-image-270398.jpg,"Justccell Public Uploads Images 20240731 F6540f4ef38d56f6ddef4e86e30ba340",,justccell-photo-6cc689b8cd.jpg,https://justccell.com/wp-content/uploads/2026/08/justccell-photo-6cc689b8cd.jpg,no
270399,justccell-image-270399.jpg,"Justccell Public Uploads Images 20240731 424b6214acc87bc1b5be09e4fbb9d29f",,justccell-photo-4dfa0c6c00.jpg,https://justccell.com/wp-content/uploads/2026/08/justccell-photo-4dfa0c6c00.jpg,no
270400,justccell-image-270400.jpg,"Justccell Public Uploads Images 20240731 2d8f1b11dec12570a506ad7ac4159740",,justccell-photo-8e18d5187c.jpg,https://justccell.com/wp-content/uploads/2026/08/justccell-photo-8e18d5187c.jpg,no
270401,justccell-image-270401.jpg,"Justccell Public Uploads Images 20240731 B61851b7ac0ff09cb989edd68003f9c4",,justccell-photo-a31cbe3101.jpg,https://justccell.com/wp-content/uploads/2026/08/justccell-photo-a31cbe3101.jpg,no
270402,justccell-image-270402.jpg,"Justccell Public Uploads Images 20240731 0f66e591b27bab3b2e3ec85cbaf178cf",,justccell-photo-9625c605a7.jpg,https://justccell.com/wp-content/uploads/2026/08/justccell-photo-9625c605a7.jpg,no
270403,justccell-image-270403.jpg,"Justccell Public Uploads Images 20240731 52ae0673995886ffa1564b17bb2537c0",,justccell-photo-dc6b0b6c20.jpg,https://justccell.com/wp-content/uploads/2026/08/justccell-photo-dc6b0b6c20.jpg,no
270404,justccell-image-270404.png,"Justccell Public Uploads Images 20240418 48ceecfb9fb0355cf3af1ba31bd7f636",,justccell-photo-5245e5cbcc.png,https://justccell.com/wp-content/uploads/2026/08/justccell-photo-5245e5cbcc.png,no
270405,justccell-image-270405.png,"Justccell Public Uploads Images 20240418 360d9e883f5ce28947f04c60e36bf64d",,justccell-photo-5a49bb6e08.png,https://justccell.com/wp-content/uploads/2026/08/justccell-photo-5a49bb6e08.png,no
270406,justccell-image-270406.png,"Justccell Public Uploads Images 20240418 3e1d74bd8cf27d3fe5c8fa8042599e6f",,justccell-photo-be6ba797e0.png,https://justccell.com/wp-content/uploads/2026/08/justccell-photo-be6ba797e0.png,no
270407,justccell-image-270407.png,"Justccell Public Uploads Images 20240418 4f2a6a0426397fd3565acc78bbce4e98",,justccell-photo-8fff23b126.png,https://justccell.com/wp-content/uploads/2026/08/justccell-photo-8fff23b126.png,no
270408,justccell-image-270408.jpg,"Justccell Public Uploads Images 20240422 2181ee9b503f4f9917d48ce2c445c85f",,justccell-photo-9403866b2c.jpg,https://justccell.com/wp-content/uploads/2026/08/justccell-photo-9403866b2c.jpg,no
270409,justccell-image-270409.jpg,"Justccell Public Uploads Images 20240422 20eab7db414974c78dc63e0b8f8c3c01",,justccell-photo-efccb3b0a0.jpg,https://justccell.com/wp-content/uploads/2026/08/justccell-photo-efccb3b0a0.jpg,no
270410,justccell-image-270410.jpg,"Justccell Public Uploads Images 20240422 64b6e21ef98fba7e70b6f2b57a9e6c2e",,justccell-photo-935fe25673.jpg,https://justccell.com/wp-content/uploads/2026/08/justccell-photo-935fe25673.jpg,no
270411,justccell-image-270411.jpg,"Justccell Public Uploads Images 20240418 0ea43193b6e973ddc52c21e6a84db469",,justccell-photo-129de3e481.jpg,https://justccell.com/wp-content/uploads/2026/08/justccell-photo-129de3e481.jpg,no
270412,justccell-image-270412.jpg,"Justccell Public Uploads Images 20240418 78dfdae12f963aa6570638f6ed7d276e",,justccell-photo-92758d2975.jpg,https://justccell.com/wp-content/uploads/2026/08/justccell-photo-92758d2975.jpg,no
270413,justccell-image-270413.jpg,"Justccell Public Uploads Images 20240506 736076595c946b0b7e75cd00404bf606",,justccell-photo-f491d5e3e7.jpg,https://justccell.com/wp-content/uploads/2026/08/justccell-photo-f491d5e3e7.jpg,no
270414,justccell-image-270414.jpg,"Justccell Public Uploads Images 20240418 86ef2026d98df4fbe76db887a7bc9ddb",,justccell-photo-2a3da92523.jpg,https://justccell.com/wp-content/uploads/2026/08/justccell-photo-2a3da92523.jpg,no
270415,justccell-image-270415.jpg,"Justccell Public Uploads Images 20240418 Ccd3346884dc7bb2999eba46745e2771",,justccell-photo-eaf4d4f0d8.jpg,https://justccell.com/wp-content/uploads/2026/08/justccell-photo-eaf4d4f0d8.jpg,no
270416,justccell-image-270416.png,"Justccell Public Uploads Images 20240418 C6f8f11bdabb6862a4f23291c6e5310a",,justccell-photo-d93c4e47a1.png,https://justccell.com/wp-content/uploads/2026/08/justccell-photo-d93c4e47a1.png,no
270417,justccell-image-270417.png,"Justccell Public Uploads Images 20240418 128af537ff5580d124237cc86ec76e3f",,justccell-photo-98bef9e900.png,https://justccell.com/wp-content/uploads/2026/08/justccell-photo-98bef9e900.png,no
270418,justccell-image-270418.png,"Justccell Public Uploads Images 20240418 990856309294c31238c87c5641bf47d9",,justccell-photo-78dfd5e37a.png,https://justccell.com/wp-content/uploads/2026/08/justccell-photo-78dfd5e37a.png,no
270419,justccell-image-270419.png,"Justccell Public Uploads Images 20240418 B2a40c53bf9a52c90a4663804063b8fb",,justccell-photo-f447d41c2d.png,https://justccell.com/wp-content/uploads/2026/08/justccell-photo-f447d41c2d.png,no
270420,justccell-image-270420.png,"Justccell Public Uploads Images 20240418 853463aa0d4bceec77f0045b1bac6bc3",,justccell-photo-983c287405.png,https://justccell.com/wp-content/uploads/2026/08/justccell-photo-983c287405.png,no
270421,justccell-image-270421.png,"Justccell Public Uploads Images 20240418 B986a1c296f24268eb9aaeae1bb8597d",,justccell-photo-e6073e8dc3.png,https://justccell.com/wp-content/uploads/2026/08/justccell-photo-e6073e8dc3.png,no
270422,justccell-image-270422.jpg,"Justccell Public Uploads Images 20240422 6425d0b7484897315f1c1948bf80b73e",,justccell-photo-17de44a782.jpg,https://justccell.com/wp-content/uploads/2026/08/justccell-photo-17de44a782.jpg,no
270423,justccell-image-270423.jpg,"Justccell Public Uploads Images 20240422 884da024a7754c313fea6ae84cd48e94",,justccell-photo-c82d1e3f34.jpg,https://justccell.com/wp-content/uploads/2026/08/justccell-photo-c82d1e3f34.jpg,no
270424,justccell-image-270424.jpg,"Justccell Public Uploads Images 20240422 13e20ce70ed1cc73776a577d42a88d09",,justccell-photo-b9f6a574ca.jpg,https://justccell.com/wp-content/uploads/2026/08/justccell-photo-b9f6a574ca.jpg,no
270425,justccell-image-270425.jpg,"Justccell Public Uploads Images 20240418 723e531f3cd4ca64cb420a374f9da124",,justccell-photo-4ef27d7d71.jpg,https://justccell.com/wp-content/uploads/2026/08/justccell-photo-4ef27d7d71.jpg,no
270426,justccell-image-270426.jpg,"Justccell Public Uploads Images 20240418 02fd22bc95bf5eee3f7af1f36d06a56b",,justccell-photo-c2c9918024-scaled.jpg,https://justccell.com/wp-content/uploads/2026/08/justccell-photo-c2c9918024-scaled.jpg,no
270427,justccell-image-270427.jpg,"Justccell Public Uploads Images 20240418 A9bef0ea2505b3df545231e837ad38c7",,justccell-photo-750f64793a.jpg,https://justccell.com/wp-content/uploads/2026/08/justccell-photo-750f64793a.jpg,no
270428,justccell-image-270428.png,"Justccell Public Uploads Images 20240522 F8a4938832fc742c6577ae0f1735f90d",,justccell-photo-fb94a91bdc.png,https://justccell.com/wp-content/uploads/2026/08/justccell-photo-fb94a91bdc.png,no
270429,justccell-image-270429.jpg,"Justccell Public Uploads Images 20240522 9ea16543795c383fdd3492c89008e7dd",,justccell-photo-e550738bcf.jpg,https://justccell.com/wp-content/uploads/2026/08/justccell-photo-e550738bcf.jpg,no
270430,justccell-image-270430.png,"Justccell Public Uploads Images 20240401 Cad98d0c7b7a7639c0f2e98e970d05ad",,justccell-photo-217095204a.png,https://justccell.com/wp-content/uploads/2026/08/justccell-photo-217095204a.png,no
270431,justccell-image-270431.png,"Justccell Public Uploads Images 20240401 71d20bbe241cbd5b609ff028a45ff4d4",,justccell-photo-24b04159e7.png,https://justccell.com/wp-content/uploads/2026/08/justccell-photo-24b04159e7.png,no
270432,justccell-image-270432.png,"Justccell Public Uploads Images 20240401 9f1319e3ae4f79ebd62f0381f38e5fd4",,justccell-photo-52b7436dc1.png,https://justccell.com/wp-content/uploads/2026/08/justccell-photo-52b7436dc1.png,no
270433,justccell-image-270433.png,"Justccell Public Uploads Images 20240401 Cc22404585dde99c06bb3ebeea108833",,justccell-photo-c672d8c184.png,https://justccell.com/wp-content/uploads/2026/08/justccell-photo-c672d8c184.png,no
270434,justccell-image-270434.png,"Justccell Public Uploads Images 20240401 F4f9e76ea2e0e469324258b5bc352a7a",,justccell-photo-3fcad7cd76.png,https://justccell.com/wp-content/uploads/2026/08/justccell-photo-3fcad7cd76.png,no
270435,justccell-image-270435.png,"Justccell Public Uploads Images 20240401 19f85951bcb14551783b8b8f950e92ac",,justccell-photo-20366257df.png,https://justccell.com/wp-content/uploads/2026/08/justccell-photo-20366257df.png,no
270436,justccell-image-270436.png,"Justccell Public Uploads Images 20240401 A3f55c4f0b3de0a20a3b7dc7d8527fb0",,justccell-photo-22b1970a43.png,https://justccell.com/wp-content/uploads/2026/08/justccell-photo-22b1970a43.png,no
270437,justccell-image-270437.png,"Justccell Public Uploads Images 20240401 28d77bebad3a8513684477f8b98a60e7",,justccell-photo-94d0e84648.png,https://justccell.com/wp-content/uploads/2026/08/justccell-photo-94d0e84648.png,no
270438,justccell-image-270438.png,"Justccell Public Uploads Images 20240401 C79c7105c237bedf30f201ef467d2ab4",,justccell-photo-ab0e19cdec.png,https://justccell.com/wp-content/uploads/2026/08/justccell-photo-ab0e19cdec.png,no
270439,justccell-image-270439.png,"Justccell Public Uploads Images 20240401 Ef252fe1cc4857edfad0c075f4b3dab2",,justccell-photo-c065d21360.png,https://justccell.com/wp-content/uploads/2026/08/justccell-photo-c065d21360.png,no
270440,justccell-image-270440.png,"Justccell Public Uploads Images 20240401 Ea33f89ea2e7b08b3733762921227250",,justccell-photo-5bcca28c70.png,https://justccell.com/wp-content/uploads/2026/08/justccell-photo-5bcca28c70.png,no
270581,justccell-image-270581.png,"Justccell Public Uploads Images 20240401 6bb90800faf6bad889ee16d2c07df035",,justccell-photo-630269da25.png,https://justccell.com/wp-content/uploads/2026/08/justccell-photo-630269da25.png,no
270582,justccell-image-270582.png,"Justccell Public Uploads Images 20240401 92e01a3d4f09680f83ce371409d02f17",,justccell-photo-f68f360b78.png,https://justccell.com/wp-content/uploads/2026/08/justccell-photo-f68f360b78.png,no
270583,justccell-image-270583.jpg,"Justccell Public Uploads Images 20240401 34d99fa30062b934dfee24e74faa5ff6",,justccell-photo-ae01c41be1.jpg,https://justccell.com/wp-content/uploads/2026/08/justccell-photo-ae01c41be1.jpg,no
270584,justccell-image-270584.jpg,"Justccell Public Uploads Images 20240401 38a0b6ec2bdf23f0d1f4be037c3e27b6",,justccell-photo-1e9639202f.jpg,https://justccell.com/wp-content/uploads/2026/08/justccell-photo-1e9639202f.jpg,no
270802,justccell-image-270802.jpg,"Justccell Public Uploads Images 20240701 Da12e56abfce0eda3a9f1a97c5d39c5f",,justccell-photo-c72ac2cc1f.jpg,https://justccell.com/wp-content/uploads/2026/08/justccell-photo-c72ac2cc1f.jpg,no
270803,justccell-image-270803.jpg,"Justccell Public Uploads Images 20240701 E3eea9b3e688abfa647221d285f7540d",,justccell-photo-8bf3b3bc4f.jpg,https://justccell.com/wp-content/uploads/2026/08/justccell-photo-8bf3b3bc4f.jpg,no
270804,justccell-image-270804.jpg,"Justccell Public Uploads Images 20240227 C0f829ac09039a60082da17768aa088d",,justccell-photo-e3cb2b7da5.jpg,https://justccell.com/wp-content/uploads/2026/08/justccell-photo-e3cb2b7da5.jpg,no
270805,justccell-image-270805.jpg,"Justccell Public Uploads Images 20240227 7d0ab32e45b5c32cdf62ff7604136973",,justccell-photo-dc4b92d7bb.jpg,https://justccell.com/wp-content/uploads/2026/08/justccell-photo-dc4b92d7bb.jpg,no
270806,justccell-image-270806.jpg,"Justccell Public Uploads Images 20240227 F9681c07ca7c6d40d60c72a35d0f6509",,justccell-photo-a6b2ea2a82.jpg,https://justccell.com/wp-content/uploads/2026/08/justccell-photo-a6b2ea2a82.jpg,no
270807,justccell-image-270807.jpg,"Justccell Public Uploads Images 20240227 0b306063e5ed5b829e1e74cedb656288",,justccell-photo-d4d891f5e4.jpg,https://justccell.com/wp-content/uploads/2026/08/justccell-photo-d4d891f5e4.jpg,no
270808,justccell-image-270808.jpg,"Justccell Public Uploads Images 20240227 5a4d2a3e83efca2b5ae01a2a359e704a",,justccell-photo-4357244496.jpg,https://justccell.com/wp-content/uploads/2026/08/justccell-photo-4357244496.jpg,no
270809,justccell-image-270809.jpg,"Justccell Public Uploads Images 20240227 Bc5fd14741987c9da98920a9b944a160",,justccell-photo-0516719222.jpg,https://justccell.com/wp-content/uploads/2026/08/justccell-photo-0516719222.jpg,no
270810,justccell-image-270810.jpg,"Justccell Public Uploads Images 20240227 302799ae905a4cad5eeadaec7908bcb5",,justccell-photo-11b9406bed.jpg,https://justccell.com/wp-content/uploads/2026/08/justccell-photo-11b9406bed.jpg,no
271525,justccell-image-271525.png,"Justccell Public Uploads Images 20250303 8b2e3d6dfb94894a4c5d5648e69ee89e",,justccell-photo-e96afabc2b.png,https://justccell.com/wp-content/uploads/2026/08/justccell-photo-e96afabc2b.png,no
271526,justccell-image-271526.png,"Justccell Public Uploads Images 20250303 B8a006513b30d3b159f0c59226c7589a",,justccell-photo-9344c34fa6.png,https://justccell.com/wp-content/uploads/2026/08/justccell-photo-9344c34fa6.png,no
271527,justccell-image-271527.png,"Justccell Public Uploads Images 20250306 E961927be6d8534ae88fb0e56b6bd403",,justccell-photo-00c484fd34.png,https://justccell.com/wp-content/uploads/2026/08/justccell-photo-00c484fd34.png,no
271528,justccell-image-271528.jpg,"Justccell Public Uploads Images 20250224 65a52853a1fee0349f34794a10747055",,justccell-photo-1d10b4ef2b.jpg,https://justccell.com/wp-content/uploads/2026/08/justccell-photo-1d10b4ef2b.jpg,no
271529,justccell-image-271529.jpg,"Justccell Public Uploads Images 20250224 9538a09c7ac1218f13439b87daa0572d",,justccell-photo-61e63ab3b8.jpg,https://justccell.com/wp-content/uploads/2026/08/justccell-photo-61e63ab3b8.jpg,no
271530,justccell-image-271530.jpg,"Justccell Public Uploads Images 20250224 D6b8541911948b4c29db723c1aef685c",,justccell-photo-af0d00cc0b.jpg,https://justccell.com/wp-content/uploads/2026/08/justccell-photo-af0d00cc0b.jpg,no
271531,justccell-image-271531.jpg,"Justccell Public Uploads Images 20250620 3a922dbcde9539e9fa12c2bdc60ddfe4",,justccell-photo-7be822f53e.jpg,https://justccell.com/wp-content/uploads/2026/08/justccell-photo-7be822f53e.jpg,no
271532,justccell-image-271532.jpg,"Justccell Public Uploads Images 20250224 885e3bc5f9baad9f1ac7be5e3c00c979",,justccell-photo-135208c731.jpg,https://justccell.com/wp-content/uploads/2026/08/justccell-photo-135208c731.jpg,no
271533,justccell-image-271533.jpg,"Justccell Public Uploads Images 20250224 7eec582ff467fc5c14dfc9aa97fd80f1",,justccell-photo-9f90b1c0f7.jpg,https://justccell.com/wp-content/uploads/2026/08/justccell-photo-9f90b1c0f7.jpg,no
271534,justccell-image-271534.png,"Justccell Public Uploads Images 20241230 B1bd6d58935d26b0c854ed136772274e",,justccell-photo-d6f4677a60.png,https://justccell.com/wp-content/uploads/2026/08/justccell-photo-d6f4677a60.png,no
271535,justccell-image-271535.png,"Justccell Public Uploads Images 20241230 4a1c5ca4d71f6917bb5c839420270b56",,justccell-photo-7b50146875.png,https://justccell.com/wp-content/uploads/2026/08/justccell-photo-7b50146875.png,no
271536,justccell-image-271536.png,"Justccell Public Uploads Images 20241230 75766f89d0e2f7bc4795754410c1fb02",,justccell-photo-ee140d289a.png,https://justccell.com/wp-content/uploads/2026/08/justccell-photo-ee140d289a.png,no
271537,justccell-image-271537.jpg,"Justccell Public Uploads Images 20241230 9f5d9753467b9d6d24f50ca57e66a55d",,justccell-photo-523840fc07.jpg,https://justccell.com/wp-content/uploads/2026/08/justccell-photo-523840fc07.jpg,no
271538,justccell-image-271538.png,"Justccell Public Uploads Images 20241230 F411f4706129d7df5e13da30944fcb0f",,justccell-photo-53b011ba1a.png,https://justccell.com/wp-content/uploads/2026/08/justccell-photo-53b011ba1a.png,no
271539,justccell-image-271539.jpg,"Justccell Public Uploads Images 20241230 02ae61c9ec995f957b45d607daef6842",,justccell-photo-25d2c80409.jpg,https://justccell.com/wp-content/uploads/2026/08/justccell-photo-25d2c80409.jpg,no
271540,justccell-image-271540.png,"Justccell Public Uploads Images 20250619 098561b86e59af6196f8eb12c615ab23",,justccell-photo-7d95f2d620.png,https://justccell.com/wp-content/uploads/2026/08/justccell-photo-7d95f2d620.png,no
271541,justccell-image-271541.png,"Justccell Public Uploads Images 20250619 64fbd7e0141eac95366d92c53af9df20",,justccell-photo-2655de4e9b.png,https://justccell.com/wp-content/uploads/2026/08/justccell-photo-2655de4e9b.png,no
271542,justccell-image-271542.png,"Justccell Public Uploads Images 20250619 8ae6660d32ec77bcb33983c8035ed422",,justccell-photo-dc5acbdec3.png,https://justccell.com/wp-content/uploads/2026/08/justccell-photo-dc5acbdec3.png,no
271543,justccell-image-271543.png,"Justccell Public Uploads Images 20250619 D201f8e8bf8b9e61f09e30b3325dddb6",,justccell-photo-2df7e07f6f.png,https://justccell.com/wp-content/uploads/2026/08/justccell-photo-2df7e07f6f.png,no
271544,justccell-image-271544.png,"Justccell Public Uploads Images 20250619 F6fbeae90da570c6817529961ff83a15",,justccell-photo-4ca838494d.png,https://justccell.com/wp-content/uploads/2026/08/justccell-photo-4ca838494d.png,no
271545,justccell-image-271545.png,"Justccell Public Uploads Images 20250619 F654940599952317a4d36796d78017a2",,justccell-photo-fd2eb5b9a0.png,https://justccell.com/wp-content/uploads/2026/08/justccell-photo-fd2eb5b9a0.png,no
271546,justccell-image-271546.png,"Justccell Public Uploads Images 20250619 9a241242596cdd64a0000123671683ad",,justccell-photo-17e28c3460.png,https://justccell.com/wp-content/uploads/2026/08/justccell-photo-17e28c3460.png,no
271547,justccell-image-271547.png,"Justccell Public Uploads Images 20250619 F17317e4302699f766057090e308fba3",,justccell-photo-60f74770d9.png,https://justccell.com/wp-content/uploads/2026/08/justccell-photo-60f74770d9.png,no
271548,justccell-image-271548.jpg,"Justccell Public Uploads Images 20250618 C792158bd836f7bbcce54825586c9767",,justccell-photo-260d204654.jpg,https://justccell.com/wp-content/uploads/2026/08/justccell-photo-260d204654.jpg,no
271549,justccell-image-271549.jpg,"Justccell Public Uploads Images 20250618 C3c6b4f9260db2ce0964198a86f19494",,justccell-photo-3a4d06a931.jpg,https://justccell.com/wp-content/uploads/2026/08/justccell-photo-3a4d06a931.jpg,no
271550,justccell-image-271550.jpg,"Justccell Public Uploads Images 20250618 Dec470d00087a608d844ddedc3960165",,justccell-photo-0242ff340a.jpg,https://justccell.com/wp-content/uploads/2026/08/justccell-photo-0242ff340a.jpg,no
271551,justccell-image-271551.jpg,"Justccell Public Uploads Images 20250620 934ec61e8aafb1992cb74372fe66ab59",,justccell-photo-8b6c862fdf.jpg,https://justccell.com/wp-content/uploads/2026/08/justccell-photo-8b6c862fdf.jpg,no
271552,justccell-image-271552.jpg,"Justccell Public Uploads Images 20250224 95103c154e2b1718c94aa589c4c99f46",,justccell-photo-fae1ac38ab.jpg,https://justccell.com/wp-content/uploads/2026/08/justccell-photo-fae1ac38ab.jpg,no
271553,justccell-image-271553.png,"Justccell Public Uploads Images 20250409 A7c30480deeebfc94c30ba7e49648713",,justccell-photo-0324cd87c0.png,https://justccell.com/wp-content/uploads/2026/08/justccell-photo-0324cd87c0.png,no
271554,justccell-image-271554.png,"Justccell Public Uploads Images 20250409 Ef5e2f5057f6b39081118315c31d6b67",,justccell-photo-d3f174ded8.png,https://justccell.com/wp-content/uploads/2026/08/justccell-photo-d3f174ded8.png,no
271555,justccell-image-271555.png,"Justccell Public Uploads Images 20250409 9de3a6aa1782311e731097ab68dd4ed6",,justccell-photo-8abcec403c.png,https://justccell.com/wp-content/uploads/2026/08/justccell-photo-8abcec403c.png,no
271556,justccell-homepage-hero-banner-eazie-pro.png,"Justccell Homepage Hero Banner Eazie Pro","homepage hero banner Eazie Pro",justccell-photo-dbc36f55b3.png,https://justccell.com/wp-content/uploads/2026/08/justccell-photo-dbc36f55b3.png,yes
271557,justccell-image-271557.png,"Justccell Public Uploads Images 20240906 33865fdf3a0057f7bca3285c0fbd2688",,justccell-photo-2eda59d746.png,https://justccell.com/wp-content/uploads/2026/08/justccell-photo-2eda59d746.png,no
271558,justccell-image-271558.png,"Justccell Public Uploads Images 20240906 5fec9eed1523832096851c0f3036a962",,justccell-photo-f3efc3bcb9.png,https://justccell.com/wp-content/uploads/2026/08/justccell-photo-f3efc3bcb9.png,no
271559,justccell-image-271559.png,"Justccell Public Uploads Images 20240906 26f51372c2ebcb202b2b542c6690c65d",,justccell-photo-e50051a66c.png,https://justccell.com/wp-content/uploads/2026/08/justccell-photo-e50051a66c.png,no
271560,justccell-image-271560.png,"Justccell Public Uploads Images 20240906 F9f08b92224ef4fa8bbfcd571c7b20cd",,justccell-photo-b4f43b9bcb.png,https://justccell.com/wp-content/uploads/2026/08/justccell-photo-b4f43b9bcb.png,no
271561,justccell-image-271561.png,"Justccell Public Uploads Images 20240906 7d90e1c107a91b3bef6794fa050e2f34",,justccell-photo-d1de3e59ef.png,https://justccell.com/wp-content/uploads/2026/08/justccell-photo-d1de3e59ef.png,no
271562,justccell-image-271562.png,"Justccell Public Uploads Images 20240906 Edd1c0deebc151729e0a0c3b82cb83df",,justccell-photo-c32b35ef21.png,https://justccell.com/wp-content/uploads/2026/08/justccell-photo-c32b35ef21.png,no
271563,justccell-image-271563.jpg,"Justccell Public Uploads Images 20240906 5fa0585db7b0c349112a706c1469cd9b",,justccell-photo-696e3c75e7.jpg,https://justccell.com/wp-content/uploads/2026/08/justccell-photo-696e3c75e7.jpg,no
271564,justccell-homepage-hero-banner-diama.jpg,"Justccell Homepage Hero Banner Diama","homepage hero banner Diama",justccell-photo-8f1c22d059.jpg,https://justccell.com/wp-content/uploads/2026/08/justccell-photo-8f1c22d059.jpg,yes
321484,justccell-micro-text-macro-precision-%e2%9c%a8from-beam-to-brand-laser-engraving-isnt-just-a-process-its-our-p-1-02.mp4,"Justccell Micro Text, Macro Precision.✨From Beam To Brand- Laser Engraving Isn’t Just A Process It’s Our P (1)",,Micro-Text-Macro-Precision.✨From-beam-to-brand-Laser-engraving-isnt-just-a-process—its-our-p-1-1.mp4,https://justccell.com/wp-content/uploads/2026/08/Micro-Text-Macro-Precision.✨From-beam-to-brand-Laser-engraving-isnt-just-a-process—its-our-p-1-1.mp4,no
327260,justccell-photo-327260.jpg,"Justccell Photo 327260",,justccell-photo-327260.jpg,https://justccell.com/wp-content/uploads/2026/08/justccell-photo-327260.jpg,no
327262,justccell-why-manufacture-intro.jpg,"Justccell Why-manufacture-intro",,justccell-justccell-why-manufacture-intro-jpg.jpg,https://justccell.com/wp-content/uploads/2026/08/justccell-justccell-why-manufacture-intro-jpg.jpg,no
